Pop,DaystoTop,Valence,Highest_Charting_Position,Number_of_Times_Charted,Release_Date,Song_Name,Song_ID,Genre,Acousticness,Tempo,Chord,EndHighWeek,HighestPos
0,13 days,0.631,1,1,1,1,1,1,1,1,1,1,1
0,35 days,0.804,1,1,1,1,1,1,1,1,1,1,1
0,62 days,0.518,1,1,1,1,1,1,1,1,1,1,1
0,91 days,0.489,1,1,1,1,1,1,1,1,1,1,1
0,129 days,0.842,1,1,1,1,1,1,1,1,1,1,1
0,140 days,0.29,1,1,1,1,1,1,1,1,1,1,1
0,154 days,0.341,1,1,1,1,1,1,1,1,1,1,1
0,167 days,0.654,1,1,1,1,1,1,1,1,1,1,1
0,213 days,0.707,1,1,1,1,1,1,1,1,1,1,1
0,217 days,0.273,1,1,1,1,1,1,1,1,1,1,1
0,217 days,0.584,1,1,1,1,1,1,1,1,1,1,1
0,222 days,0.766,1,1,1,1,1,1,1,1,1,1,1
0,224 days,0.545,1,1,1,1,1,1,1,1,1,1,1
0,224 days,0.799,1,1,1,1,1,1,1,1,1,1,1
0,224 days,0.838,1,1,1,1,1,1,1,1,1,1,1
0,224 days,0.949,1,1,1,1,1,1,1,1,1,1,1
0,224 days,0.961,1,1,1,1,1,1,1,1,1,1,1
0,224 days,0.971,1,1,1,1,1,1,1,1,1,1,1
0,266 days,0.716,1,1,1,1,1,1,1,1,1,1,1
0,308 days,0.132,1,1,1,1,1,1,1,1,1,1,1
0,329 days,0.263,1,1,1,1,1,1,1,1,1,1,1
0,342 days,0.522,1,1,1,1,1,1,1,1,1,1,1
0,403 days,0.578,1,1,1,1,1,1,1,1,1,1,1
0,465 days,0.542,1,1,1,1,1,1,1,1,1,1,1
0,469 days,0.744,1,1,1,1,1,1,1,1,1,1,1
0,476 days,0.4,1,1,1,1,1,1,1,1,1,1,1
0,488 days,0.663,1,1,1,1,1,1,1,1,1,1,1
0,497 days,0.468,1,1,1,1,1,1,1,1,1,1,1
0,497 days,0.679,1,1,1,1,1,1,1,1,1,1,1
0,500 days,0.421,1,1,1,1,1,1,1,1,1,1,1
0,511 days,0.597,1,1,1,1,1,1,1,1,1,1,1
0,520 days,0.784,1,1,1,1,1,1,1,1,1,1,1
0,539 days,0.16,1,1,1,1,1,1,1,1,1,1,1
0,546 days,0.281,1,1,1,1,1,1,1,1,1,1,1
0,553 days,0.194,1,1,1,1,1,1,1,1,1,1,1
0,553 days,0.245,1,1,1,1,1,1,1,1,1,1,1
0,557 days,0.433,1,1,1,1,1,1,1,1,1,1,1
0,560 days,0.12,1,1,1,1,1,1,1,1,1,1,1
0,560 days,0.205,1,1,1,1,1,1,1,1,1,1,1
0,560 days,0.284,1,1,1,1,1,1,1,1,1,1,1
0,560 days,0.562,1,1,1,1,1,1,1,1,1,1,1
0,574 days,0.55,1,1,1,1,1,1,1,1,1,1,1
0,584 days,0.896,1,1,1,1,1,1,1,1,1,1,1
0,587 days,0.656,1,1,1,1,1,1,1,1,1,1,1
0,588 days,0.243,1,1,1,1,1,1,1,1,1,1,1
1,21 days,0.546,1,1,1,1,1,1,1,1,1,1,1
1,56 days,0.58,1,1,1,1,1,1,1,1,1,1,1
1,2208 days,0.72,1,1,1,1,1,1,1,1,1,1,1
1,23126 days,0.341,1,1,1,1,1,1,1,1,1,1,1
1,23126 days,0.951,1,1,1,1,1,1,1,1,1,1,1
2,0 days,0.59,1,1,1,1,1,1,1,1,1,1,1
2,1 days,0.314,1,1,1,1,1,1,1,1,1,1,1
2,6 days,0.905,1,1,1,1,1,1,1,1,1,1,1
2,7 days,0.036,1,1,1,1,1,1,1,1,1,1,1
2,7 days,0.0546,1,1,1,1,1,1,1,1,1,1,1
2,7 days,0.0676,1,1,1,1,1,1,1,1,1,1,1
2,7 days,0.0903,1,1,1,1,1,1,1,1,1,1,1
2,7 days,0.113,2,2,2,2,2,2,2,2,2,2,2
2,7 days,0.153,1,1,1,1,1,1,1,1,1,1,1
2,7 days,0.158,1,1,1,1,1,1,1,1,1,1,1
2,7 days,0.184,1,1,1,1,1,1,1,1,1,1,1
2,7 days,0.207,1,1,1,1,1,1,1,1,1,1,1
2,7 days,0.21,1,1,1,1,1,1,1,1,1,1,1
2,7 days,0.228,1,1,1,1,1,1,1,1,1,1,1
2,7 days,0.236,1,1,1,1,1,1,1,1,1,1,1
2,7 days,0.246,1,1,1,1,1,1,1,1,1,1,1
2,7 days,0.267,1,1,1,1,1,1,1,1,1,1,1
2,7 days,0.276,1,1,1,1,1,1,1,1,1,1,1
2,7 days,0.279,1,1,1,1,1,1,1,1,1,1,1
2,7 days,0.295,1,1,1,1,1,1,1,1,1,1,1
2,7 days,0.303,1,1,1,1,1,1,1,1,1,1,1
2,7 days,0.306,1,1,1,1,1,1,1,1,1,1,1
2,7 days,0.31,1,1,1,1,1,1,1,1,1,1,1
2,7 days,0.313,1,1,1,1,1,1,1,1,1,1,1
2,7 days,0.314,1,1,1,1,1,1,1,1,1,1,1
2,7 days,0.317,1,1,1,1,1,1,1,1,1,1,1
2,7 days,0.321,1,1,1,1,1,1,1,1,1,1,1
2,7 days,0.323,1,1,1,1,1,1,1,1,1,1,1
2,7 days,0.328,1,1,1,1,1,1,1,1,1,1,1
2,7 days,0.332,1,1,1,1,1,1,1,1,1,1,1
2,7 days,0.34,1,1,1,1,1,1,1,1,1,1,1
2,7 days,0.342,1,1,1,1,1,1,1,1,1,1,1
2,7 days,0.343,1,1,1,1,1,1,1,1,1,1,1
2,7 days,0.35,1,1,1,1,1,1,1,1,1,1,1
2,7 days,0.354,1,1,1,1,1,1,1,1,1,1,1
2,7 days,0.356,1,1,1,1,1,1,1,1,1,1,1
2,7 days,0.364,1,1,1,1,1,1,1,1,1,1,1
2,7 days,0.374,1,1,1,1,1,1,1,1,1,1,1
2,7 days,0.38,1,1,1,1,1,1,1,1,1,1,1
2,7 days,0.388,1,1,1,1,1,1,1,1,1,1,1
2,7 days,0.392,1,1,1,1,1,1,1,1,1,1,1
2,7 days,0.42,1,1,1,1,1,1,1,1,1,1,1
2,7 days,0.422,1,1,1,1,1,1,1,1,1,1,1
2,7 days,0.436,1,1,1,1,1,1,1,1,1,1,1
2,7 days,0.449,1,1,1,1,1,1,1,1,1,1,1
2,7 days,0.457,1,1,1,1,1,1,1,1,1,1,1
2,7 days,0.465,1,1,1,1,1,1,1,1,1,1,1
2,7 days,0.47,1,1,1,1,1,1,1,1,1,1,1
2,7 days,0.471,1,1,1,1,1,1,1,1,1,1,1
2,7 days,0.475,1,1,1,1,1,1,1,1,1,1,1
2,7 days,0.488,1,1,1,1,1,1,1,1,1,1,1
2,7 days,0.493,1,1,1,1,1,1,1,1,1,1,1
2,7 days,0.494,1,1,1,1,1,1,1,1,1,1,1
2,7 days,0.505,1,1,1,1,1,1,1,1,1,1,1
2,7 days,0.516,1,1,1,1,1,1,1,1,1,1,1
2,7 days,0.519,1,1,1,1,1,1,1,1,1,1,1
2,7 days,0.521,1,1,1,1,1,1,1,1,1,1,1
2,7 days,0.526,1,1,1,1,1,1,1,1,1,1,1
2,7 days,0.534,1,1,1,1,1,1,1,1,1,1,1
2,7 days,0.542,1,1,1,1,1,1,1,1,1,1,1
2,7 days,0.544,1,1,1,1,1,1,1,1,1,1,1
2,7 days,0.547,1,1,1,1,1,1,1,1,1,1,1
2,7 days,0.549,1,1,1,1,1,1,1,1,1,1,1
2,7 days,0.574,1,1,1,1,1,1,1,1,1,1,1
2,7 days,0.58,1,1,1,1,1,1,1,1,1,1,1
2,7 days,0.589,1,1,1,1,1,1,1,1,1,1,1
2,7 days,0.597,1,1,1,1,1,1,1,1,1,1,1
2,7 days,0.608,1,1,1,1,1,1,1,1,1,1,1
2,7 days,0.62,1,1,1,1,1,1,1,1,1,1,1
2,7 days,0.623,1,1,1,1,1,1,1,1,1,1,1
2,7 days,0.626,1,1,1,1,1,1,1,1,1,1,1
2,7 days,0.634,1,1,1,1,1,1,1,1,1,1,1
2,7 days,0.658,1,1,1,1,1,1,1,1,1,1,1
2,7 days,0.659,1,1,1,1,1,1,1,1,1,1,1
2,7 days,0.667,1,1,1,1,1,1,1,1,1,1,1
2,7 days,0.674,1,1,1,1,1,1,1,1,1,1,1
2,7 days,0.679,1,1,1,1,1,1,1,1,1,1,1
2,7 days,0.7,2,2,2,2,2,2,2,2,2,2,2
2,7 days,0.704,1,1,1,1,1,1,1,1,1,1,1
2,7 days,0.706,1,1,1,1,1,1,1,1,1,1,1
2,7 days,0.715,1,1,1,1,1,1,1,1,1,1,1
2,7 days,0.749,1,1,1,1,1,1,1,1,1,1,1
2,7 days,0.751,1,1,1,1,1,1,1,1,1,1,1
2,7 days,0.76,1,1,1,1,1,1,1,1,1,1,1
2,7 days,0.769,1,1,1,1,1,1,1,1,1,1,1
2,7 days,0.798,1,1,1,1,1,1,1,1,1,1,1
2,7 days,0.829,1,1,1,1,1,1,1,1,1,1,1
2,7 days,0.842,1,1,1,1,1,1,1,1,1,1,1
2,7 days,0.864,1,1,1,1,1,1,1,1,1,1,1
2,7 days,0.871,1,1,1,1,1,1,1,1,1,1,1
2,7 days,0.886,1,1,1,1,1,1,1,1,1,1,1
2,7 days,0.897,1,1,1,1,1,1,1,1,1,1,1
2,7 days,0.914,1,1,1,1,1,1,1,1,1,1,1
2,7 days,0.962,1,1,1,1,1,1,1,1,1,1,1
2,7 days,0.977,1,1,1,1,1,1,1,1,1,1,1
2,8 days,0.254,1,1,1,1,1,1,1,1,1,1,1
2,8 days,0.259,1,1,1,1,1,1,1,1,1,1,1
2,8 days,0.284,1,1,1,1,1,1,1,1,1,1,1
2,8 days,0.285,1,1,1,1,1,1,1,1,1,1,1
2,8 days,0.371,1,1,1,1,1,1,1,1,1,1,1
2,8 days,0.386,1,1,1,1,1,1,1,1,1,1,1
2,8 days,0.396,1,1,1,1,1,1,1,1,1,1,1
2,8 days,0.404,1,1,1,1,1,1,1,1,1,1,1
2,8 days,0.45,1,1,1,1,1,1,1,1,1,1,1
2,8 days,0.481,1,1,1,1,1,1,1,1,1,1,1
2,8 days,0.486,1,1,1,1,1,1,1,1,1,1,1
2,8 days,0.491,1,1,1,1,1,1,1,1,1,1,1
2,8 days,0.564,1,1,1,1,1,1,1,1,1,1,1
2,8 days,0.58,1,1,1,1,1,1,1,1,1,1,1
2,8 days,0.604,1,1,1,1,1,1,1,1,1,1,1
2,8 days,0.609,1,1,1,1,1,1,1,1,1,1,1
2,8 days,0.653,1,1,1,1,1,1,1,1,1,1,1
2,8 days,0.678,1,1,1,1,1,1,1,1,1,1,1
2,8 days,0.717,1,1,1,1,1,1,1,1,1,1,1
2,9 days,0.488,1,1,1,1,1,1,1,1,1,1,1
2,9 days,0.537,1,1,1,1,1,1,1,1,1,1,1
2,11 days,0.227,1,1,1,1,1,1,1,1,1,1,1
2,11 days,0.418,1,1,1,1,1,1,1,1,1,1,1
2,12 days,0.42,1,1,1,1,1,1,1,1,1,1,1
2,14 days,0.283,1,1,1,1,1,1,1,1,1,1,1
2,14 days,0.298,1,1,1,1,1,1,1,1,1,1,1
2,18 days,0.212,1,1,1,1,1,1,1,1,1,1,1
2,20 days,0.577,1,1,1,1,1,1,1,1,1,1,1
2,21 days,0.212,1,1,1,1,1,1,1,1,1,1,1
2,21 days,0.302,1,1,1,1,1,1,1,1,1,1,1
2,21 days,0.809,1,1,1,1,1,1,1,1,1,1,1
2,21 days,0.849,1,1,1,1,1,1,1,1,1,1,1
2,34 days,0.182,1,1,1,1,1,1,1,1,1,1,1
2,35 days,0.781,1,1,1,1,1,1,1,1,1,1,1
2,49 days,0.529,1,1,1,1,1,1,1,1,1,1,1
2,56 days,0.232,1,1,1,1,1,1,1,1,1,1,1
2,56 days,0.704,1,1,1,1,1,1,1,1,1,1,1
2,56 days,0.777,1,1,1,1,1,1,1,1,1,1,1
2,63 days,0.32,1,1,1,1,1,1,1,1,1,1,1
2,70 days,0.724,1,1,1,1,1,1,1,1,1,1,1
2,71 days,0.382,1,1,1,1,1,1,1,1,1,1,1
2,91 days,0.443,1,1,1,1,1,1,1,1,1,1,1
2,98 days,0.497,1,1,1,1,1,1,1,1,1,1,1
2,100 days,0.881,1,1,1,1,1,1,1,1,1,1,1
2,105 days,0.963,1,1,1,1,1,1,1,1,1,1,1
2,111 days,0.584,1,1,1,1,1,1,1,1,1,1,1
2,112 days,0.231,1,1,1,1,1,1,1,1,1,1,1
2,210 days,0.737,1,1,1,1,1,1,1,1,1,1,1
2,298 days,0.271,1,1,1,1,1,1,1,1,1,1,1
2,385 days,0.437,1,1,1,1,1,1,1,1,1,1,1
2,413 days,0.61,1,1,1,1,1,1,1,1,1,1,1
2,771 days,0.56,1,1,1,1,1,1,1,1,1,1,1
2,785 days,0.724,1,1,1,1,1,1,1,1,1,1,1
2,1115 days,0.366,1,1,1,1,1,1,1,1,1,1,1
2,1176 days,0.912,1,1,1,1,1,1,1,1,1,1,1
2,1470 days,0.224,1,1,1,1,1,1,1,1,1,1,1
2,1519 days,0.684,1,1,1,1,1,1,1,1,1,1,1
2,2177 days,0.289,1,1,1,1,1,1,1,1,1,1,1
2,2212 days,0.344,1,1,1,1,1,1,1,1,1,1,1
2,2268 days,0.558,1,1,1,1,1,1,1,1,1,1,1
2,2580 days,0.754,1,1,1,1,1,1,1,1,1,1,1
2,2614 days,0.689,1,1,1,1,1,1,1,1,1,1,1
2,2968 days,0.363,1,1,1,1,1,1,1,1,1,1,1
2,2968 days,0.396,1,1,1,1,1,1,1,1,1,1,1
2,2968 days,0.699,1,1,1,1,1,1,1,1,1,1,1
2,3646 days,0.854,1,1,1,1,1,1,1,1,1,1,1
2,3678 days,0.443,1,1,1,1,1,1,1,1,1,1,1
2,3734 days,0.414,1,1,1,1,1,1,1,1,1,1,1
2,5472 days,0.412,1,1,1,1,1,1,1,1,1,1,1
2,6203 days,0.349,1,1,1,1,1,1,1,1,1,1,1
2,6667 days,0.963,1,1,1,1,1,1,1,1,1,1,1
2,6933 days,0.49,1,1,1,1,1,1,1,1,1,1,1
2,7346 days,0.702,1,1,1,1,1,1,1,1,1,1,1
2,7798 days,0.718,1,1,1,1,1,1,1,1,1,1,1
2,8092 days,0.756,1,1,1,1,1,1,1,1,1,1,1
2,9544 days,0.836,1,1,1,1,1,1,1,1,1,1,1
2,9855 days,0.466,1,1,1,1,1,1,1,1,1,1,1
2,10623 days,0.96,1,1,1,1,1,1,1,1,1,1,1
2,11224 days,0.677,1,1,1,1,1,1,1,1,1,1,1
2,11316 days,0.8,1,1,1,1,1,1,1,1,1,1,1
2,11799 days,0.428,1,1,1,1,1,1,1,1,1,1,1
2,13569 days,0.84,1,1,1,1,1,1,1,1,1,1,1
2,14603 days,0.407,1,1,1,1,1,1,1,1,1,1,1
2,14812 days,0.771,1,1,1,1,1,1,1,1,1,1,1
2,14833 days,0.771,1,1,1,1,1,1,1,1,1,1,1
2,17248 days,0.819,1,1,1,1,1,1,1,1,1,1,1
2,18334 days,0.614,1,1,1,1,1,1,1,1,1,1,1
2,20447 days,0.888,1,1,1,1,1,1,1,1,1,1,1
2,20521 days,0.898,1,1,1,1,1,1,1,1,1,1,1
2,20851 days,0.776,1,1,1,1,1,1,1,1,1,1,1
2,21178 days,0.36,1,1,1,1,1,1,1,1,1,1,1
2,21178 days,0.853,1,1,1,1,1,1,1,1,1,1,1
2,21543 days,0.209,1,1,1,1,1,1,1,1,1,1,1
2,22639 days,0.537,1,1,1,1,1,1,1,1,1,1,1
2,22639 days,0.701,1,1,1,1,1,1,1,1,1,1,1
2,22639 days,0.857,1,1,1,1,1,1,1,1,1,1,1
2,23034 days,0.806,1,1,1,1,1,1,1,1,1,1,1
2,23082 days,0.58,1,1,1,1,1,1,1,1,1,1,1
2,28848 days,0.247,1,1,1,1,1,1,1,1,1,1,1
3,0 days,0.311,1,1,1,1,1,1,1,1,1,1,1
3,0 days,0.575,1,1,1,1,1,1,1,1,1,1,1
3,0 days,0.874,1,1,1,1,1,1,1,1,1,1,1
3,1 days,0.237,1,1,1,1,1,1,1,1,1,1,1
3,1 days,0.315,1,1,1,1,1,1,1,1,1,1,1
3,1 days,0.547,1,1,1,1,1,1,1,1,1,1,1
3,5 days,0.317,1,1,1,1,1,1,1,1,1,1,1
3,5 days,0.489,1,1,1,1,1,1,1,1,1,1,1
3,5 days,0.495,1,1,1,1,1,1,1,1,1,1,1
3,5 days,0.586,1,1,1,1,1,1,1,1,1,1,1
3,5 days,0.588,1,1,1,1,1,1,1,1,1,1,1
3,5 days,0.675,1,1,1,1,1,1,1,1,1,1,1
3,5 days,0.697,1,1,1,1,1,1,1,1,1,1,1
3,5 days,0.712,1,1,1,1,1,1,1,1,1,1,1
3,5 days,0.835,1,1,1,1,1,1,1,1,1,1,1
3,5 days,0.843,1,1,1,1,1,1,1,1,1,1,1
3,5 days,0.92,1,1,1,1,1,1,1,1,1,1,1
3,6 days,0.0363,1,1,1,1,1,1,1,1,1,1,1
3,6 days,0.184,1,1,1,1,1,1,1,1,1,1,1
3,6 days,0.446,1,1,1,1,1,1,1,1,1,1,1
3,6 days,0.46,1,1,1,1,1,1,1,1,1,1,1
3,6 days,0.514,1,1,1,1,1,1,1,1,1,1,1
3,6 days,0.528,1,1,1,1,1,1,1,1,1,1,1
3,6 days,0.542,1,1,1,1,1,1,1,1,1,1,1
3,6 days,0.543,1,1,1,1,1,1,1,1,1,1,1
3,6 days,0.586,1,1,1,1,1,1,1,1,1,1,1
3,6 days,0.634,1,1,1,1,1,1,1,1,1,1,1
3,6 days,0.658,1,1,1,1,1,1,1,1,1,1,1
3,6 days,0.662,1,1,1,1,1,1,1,1,1,1,1
3,6 days,0.742,1,1,1,1,1,1,1,1,1,1,1
3,6 days,0.81,1,1,1,1,1,1,1,1,1,1,1
3,6 days,0.879,1,1,1,1,1,1,1,1,1,1,1
3,6 days,0.968,1,1,1,1,1,1,1,1,1,1,1
3,7 days,0.0376,1,1,1,1,1,1,1,1,1,1,1
3,7 days,0.0397,1,1,1,1,1,1,1,1,1,1,1
3,7 days,0.0495,1,1,1,1,1,1,1,1,1,1,1
3,7 days,0.0508,1,1,1,1,1,1,1,1,1,1,1
3,7 days,0.0599,1,1,1,1,1,1,1,1,1,1,1
3,7 days,0.0611,1,1,1,1,1,1,1,1,1,1,1
3,7 days,0.0642,1,1,1,1,1,1,1,1,1,1,1
3,7 days,0.0657,1,1,1,1,1,1,1,1,1,1,1
3,7 days,0.0663,1,1,1,1,1,1,1,1,1,1,1
3,7 days,0.0687,1,1,1,1,1,1,1,1,1,1,1
3,7 days,0.0786,1,1,1,1,1,1,1,1,1,1,1
3,7 days,0.0807,1,1,1,1,1,1,1,1,1,1,1
3,7 days,0.0818,1,1,1,1,1,1,1,1,1,1,1
3,7 days,0.0916,1,1,1,1,1,1,1,1,1,1,1
3,7 days,0.104,1,1,1,1,1,1,1,1,1,1,1
3,7 days,0.108,1,1,1,1,1,1,1,1,1,1,1
3,7 days,0.109,2,2,2,2,2,2,2,2,2,2,2
3,7 days,0.111,1,1,1,1,1,1,1,1,1,1,1
3,7 days,0.112,1,1,1,1,1,1,1,1,1,1,1
3,7 days,0.113,1,1,1,1,1,1,1,1,1,1,1
3,7 days,0.114,1,1,1,1,1,1,1,1,1,1,1
3,7 days,0.118,1,1,1,1,1,1,1,1,1,1,1
3,7 days,0.12,2,2,2,2,2,2,2,2,2,2,2
3,7 days,0.128,1,1,1,1,1,1,1,1,1,1,1
3,7 days,0.13,1,1,1,1,1,1,1,1,1,1,1
3,7 days,0.141,2,2,2,2,2,2,2,2,2,2,2
3,7 days,0.142,1,1,1,1,1,1,1,1,1,1,1
3,7 days,0.143,1,1,1,1,1,1,1,1,1,1,1
3,7 days,0.147,1,1,1,1,1,1,1,1,1,1,1
3,7 days,0.148,2,2,2,2,2,2,2,2,2,2,2
3,7 days,0.149,1,1,1,1,1,1,1,1,1,1,1
3,7 days,0.152,1,1,1,1,1,1,1,1,1,1,1
3,7 days,0.153,2,2,2,2,2,2,2,2,2,2,2
3,7 days,0.157,1,1,1,1,1,1,1,1,1,1,1
3,7 days,0.158,2,2,2,2,2,2,2,2,2,2,2
3,7 days,0.161,1,1,1,1,1,1,1,1,1,1,1
3,7 days,0.167,1,1,1,1,1,1,1,1,1,1,1
3,7 days,0.168,1,1,1,1,1,1,1,1,1,1,1
3,7 days,0.172,1,1,1,1,1,1,1,1,1,1,1
3,7 days,0.176,1,1,1,1,1,1,1,1,1,1,1
3,7 days,0.177,1,1,1,1,1,1,1,1,1,1,1
3,7 days,0.185,1,1,1,1,1,1,1,1,1,1,1
3,7 days,0.187,1,1,1,1,1,1,1,1,1,1,1
3,7 days,0.19,1,1,1,1,1,1,1,1,1,1,1
3,7 days,0.192,1,1,1,1,1,1,1,1,1,1,1
3,7 days,0.194,1,1,1,1,1,1,1,1,1,1,1
3,7 days,0.195,3,3,3,3,3,3,3,3,3,3,3
3,7 days,0.196,2,2,2,2,2,2,2,2,2,2,2
3,7 days,0.198,1,1,1,1,1,1,1,1,1,1,1
3,7 days,0.202,1,1,1,1,1,1,1,1,1,1,1
3,7 days,0.203,1,1,1,1,1,1,1,1,1,1,1
3,7 days,0.207,1,1,1,1,1,1,1,1,1,1,1
3,7 days,0.211,1,1,1,1,1,1,1,1,1,1,1
3,7 days,0.22,1,1,1,1,1,1,1,1,1,1,1
3,7 days,0.221,2,2,2,2,2,2,2,2,2,2,2
3,7 days,0.223,1,1,1,1,1,1,1,1,1,1,1
3,7 days,0.224,1,1,1,1,1,1,1,1,1,1,1
3,7 days,0.226,1,1,1,1,1,1,1,1,1,1,1
3,7 days,0.227,1,1,1,1,1,1,1,1,1,1,1
3,7 days,0.231,3,3,3,3,3,3,3,3,3,3,3
3,7 days,0.234,1,1,1,1,1,1,1,1,1,1,1
3,7 days,0.235,1,1,1,1,1,1,1,1,1,1,1
3,7 days,0.239,2,2,2,2,2,2,2,2,2,2,2
3,7 days,0.241,2,2,2,2,2,2,2,2,2,2,2
3,7 days,0.243,2,2,2,2,2,2,2,2,2,2,2
3,7 days,0.248,1,1,1,1,1,1,1,1,1,1,1
3,7 days,0.249,1,1,1,1,1,1,1,1,1,1,1
3,7 days,0.252,2,2,2,2,2,2,2,2,2,2,2
3,7 days,0.259,1,1,1,1,1,1,1,1,1,1,1
3,7 days,0.26,2,2,2,2,2,2,2,2,2,2,2
3,7 days,0.262,1,1,1,1,1,1,1,1,1,1,1
3,7 days,0.268,1,1,1,1,1,1,1,1,1,1,1
3,7 days,0.271,1,1,1,1,1,1,1,1,1,1,1
3,7 days,0.272,1,1,1,1,1,1,1,1,1,1,1
3,7 days,0.273,1,1,1,1,1,1,1,1,1,1,1
3,7 days,0.274,1,1,1,1,1,1,1,1,1,1,1
3,7 days,0.278,1,1,1,1,1,1,1,1,1,1,1
3,7 days,0.28,2,2,2,2,2,2,2,2,2,2,2
3,7 days,0.281,1,1,1,1,1,1,1,1,1,1,1
3,7 days,0.286,2,2,2,2,2,2,2,2,2,2,2
3,7 days,0.287,1,1,1,1,1,1,1,1,1,1,1
3,7 days,0.289,1,1,1,1,1,1,1,1,1,1,1
3,7 days,0.292,1,1,1,1,1,1,1,1,1,1,1
3,7 days,0.294,1,1,1,1,1,1,1,1,1,1,1
3,7 days,0.295,1,1,1,1,1,1,1,1,1,1,1
3,7 days,0.298,1,1,1,1,1,1,1,1,1,1,1
3,7 days,0.303,1,1,1,1,1,1,1,1,1,1,1
3,7 days,0.305,1,1,1,1,1,1,1,1,1,1,1
3,7 days,0.307,1,1,1,1,1,1,1,1,1,1,1
3,7 days,0.312,1,1,1,1,1,1,1,1,1,1,1
3,7 days,0.316,1,1,1,1,1,1,1,1,1,1,1
3,7 days,0.318,1,1,1,1,1,1,1,1,1,1,1
3,7 days,0.319,2,2,2,2,2,2,2,2,2,2,2
3,7 days,0.32,2,2,2,2,2,2,2,2,2,2,2
3,7 days,0.321,1,1,1,1,1,1,1,1,1,1,1
3,7 days,0.322,1,1,1,1,1,1,1,1,1,1,1
3,7 days,0.323,1,1,1,1,1,1,1,1,1,1,1
3,7 days,0.324,2,2,2,2,2,2,2,2,2,2,2
3,7 days,0.328,1,1,1,1,1,1,1,1,1,1,1
3,7 days,0.332,1,1,1,1,1,1,1,1,1,1,1
3,7 days,0.333,2,2,2,2,2,2,2,2,2,2,2
3,7 days,0.336,1,1,1,1,1,1,1,1,1,1,1
3,7 days,0.338,1,1,1,1,1,1,1,1,1,1,1
3,7 days,0.339,2,2,2,2,2,2,2,2,2,2,2
3,7 days,0.341,2,2,2,2,2,2,2,2,2,2,2
3,7 days,0.344,2,2,2,2,2,2,2,2,2,2,2
3,7 days,0.348,1,1,1,1,1,1,1,1,1,1,1
3,7 days,0.351,2,2,2,2,2,2,2,2,2,2,2
3,7 days,0.353,2,2,2,2,2,2,2,2,2,2,2
3,7 days,0.354,1,1,1,1,1,1,1,1,1,1,1
3,7 days,0.357,1,1,1,1,1,1,1,1,1,1,1
3,7 days,0.36,1,1,1,1,1,1,1,1,1,1,1
3,7 days,0.361,1,1,1,1,1,1,1,1,1,1,1
3,7 days,0.364,2,2,2,2,2,2,2,2,2,2,2
3,7 days,0.366,1,1,1,1,1,1,1,1,1,1,1
3,7 days,0.367,1,1,1,1,1,1,1,1,1,1,1
3,7 days,0.37,1,1,1,1,1,1,1,1,1,1,1
3,7 days,0.372,2,2,2,2,2,2,2,2,2,2,2
3,7 days,0.373,1,1,1,1,1,1,1,1,1,1,1
3,7 days,0.374,1,1,1,1,1,1,1,1,1,1,1
3,7 days,0.375,1,1,1,1,1,1,1,1,1,1,1
3,7 days,0.377,1,1,1,1,1,1,1,1,1,1,1
3,7 days,0.379,2,2,2,2,2,2,2,2,2,2,2
3,7 days,0.381,1,1,1,1,1,1,1,1,1,1,1
3,7 days,0.382,2,2,2,2,2,2,2,2,2,2,2
3,7 days,0.386,1,1,1,1,1,1,1,1,1,1,1
3,7 days,0.387,1,1,1,1,1,1,1,1,1,1,1
3,7 days,0.388,1,1,1,1,1,1,1,1,1,1,1
3,7 days,0.389,2,2,2,2,2,2,2,2,2,2,2
3,7 days,0.39,2,2,2,2,2,2,2,2,2,2,2
3,7 days,0.391,1,1,1,1,1,1,1,1,1,1,1
3,7 days,0.392,1,1,1,1,1,1,1,1,1,1,1
3,7 days,0.393,3,3,3,3,3,3,3,3,3,3,3
3,7 days,0.394,1,1,1,1,1,1,1,1,1,1,1
3,7 days,0.403,1,1,1,1,1,1,1,1,1,1,1
3,7 days,0.404,1,1,1,1,1,1,1,1,1,1,1
3,7 days,0.405,1,1,1,1,1,1,1,1,1,1,1
3,7 days,0.409,1,1,1,1,1,1,1,1,1,1,1
3,7 days,0.41,1,1,1,1,1,1,1,1,1,1,1
3,7 days,0.412,2,2,2,2,2,2,2,2,2,2,2
3,7 days,0.414,1,1,1,1,1,1,1,1,1,1,1
3,7 days,0.415,2,2,2,2,2,2,2,2,2,2,2
3,7 days,0.416,1,1,1,1,1,1,1,1,1,1,1
3,7 days,0.418,1,1,1,1,1,1,1,1,1,1,1
3,7 days,0.419,1,1,1,1,1,1,1,1,1,1,1
3,7 days,0.429,2,2,2,2,2,2,2,2,2,2,2
3,7 days,0.43,1,1,1,1,1,1,1,1,1,1,1
3,7 days,0.431,2,2,2,2,2,2,2,2,2,2,2
3,7 days,0.432,1,1,1,1,1,1,1,1,1,1,1
3,7 days,0.433,2,2,2,2,2,2,2,2,2,2,2
3,7 days,0.434,1,1,1,1,1,1,1,1,1,1,1
3,7 days,0.436,1,1,1,1,1,1,1,1,1,1,1
3,7 days,0.437,1,1,1,1,1,1,1,1,1,1,1
3,7 days,0.438,1,1,1,1,1,1,1,1,1,1,1
3,7 days,0.439,2,2,2,2,2,2,2,2,2,2,2
3,7 days,0.44,1,1,1,1,1,1,1,1,1,1,1
3,7 days,0.441,2,2,2,2,2,2,2,2,2,2,2
3,7 days,0.448,2,2,2,2,2,2,2,2,2,2,2
3,7 days,0.45,3,3,3,3,3,3,3,3,3,3,3
3,7 days,0.455,1,1,1,1,1,1,1,1,1,1,1
3,7 days,0.456,2,2,2,2,2,2,2,2,2,2,2
3,7 days,0.459,1,1,1,1,1,1,1,1,1,1,1
3,7 days,0.46,3,3,3,3,3,3,3,3,3,3,3
3,7 days,0.461,1,1,1,1,1,1,1,1,1,1,1
3,7 days,0.463,1,1,1,1,1,1,1,1,1,1,1
3,7 days,0.464,2,2,2,2,2,2,2,2,2,2,2
3,7 days,0.467,2,2,2,2,2,2,2,2,2,2,2
3,7 days,0.468,1,1,1,1,1,1,1,1,1,1,1
3,7 days,0.472,2,2,2,2,2,2,2,2,2,2,2
3,7 days,0.473,3,3,3,3,3,3,3,3,3,3,3
3,7 days,0.474,2,2,2,2,2,2,2,2,2,2,2
3,7 days,0.476,3,3,3,3,3,3,3,3,3,3,3
3,7 days,0.478,1,1,1,1,1,1,1,1,1,1,1
3,7 days,0.481,3,3,3,3,3,3,3,3,3,3,3
3,7 days,0.484,1,1,1,1,1,1,1,1,1,1,1
3,7 days,0.485,1,1,1,1,1,1,1,1,1,1,1
3,7 days,0.486,1,1,1,1,1,1,1,1,1,1,1
3,7 days,0.487,1,1,1,1,1,1,1,1,1,1,1
3,7 days,0.488,1,1,1,1,1,1,1,1,1,1,1
3,7 days,0.49,1,1,1,1,1,1,1,1,1,1,1
3,7 days,0.493,2,2,2,2,2,2,2,2,2,2,2
3,7 days,0.494,2,2,2,2,2,2,2,2,2,2,2
3,7 days,0.495,1,1,1,1,1,1,1,1,1,1,1
3,7 days,0.497,1,1,1,1,1,1,1,1,1,1,1
3,7 days,0.5,1,1,1,1,1,1,1,1,1,1,1
3,7 days,0.502,2,2,2,2,2,2,2,2,2,2,2
3,7 days,0.504,1,1,1,1,1,1,1,1,1,1,1
3,7 days,0.505,2,2,2,2,2,2,2,2,2,2,2
3,7 days,0.506,3,3,3,3,3,3,3,3,3,3,3
3,7 days,0.507,1,1,1,1,1,1,1,1,1,1,1
3,7 days,0.508,2,2,2,2,2,2,2,2,2,2,2
3,7 days,0.509,2,2,2,2,2,2,2,2,2,2,2
3,7 days,0.51,2,2,2,2,2,2,2,2,2,2,2
3,7 days,0.511,2,2,2,2,2,2,2,2,2,2,2
3,7 days,0.512,1,1,1,1,1,1,1,1,1,1,1
3,7 days,0.515,1,1,1,1,1,1,1,1,1,1,1
3,7 days,0.516,2,2,2,2,2,2,2,2,2,2,2
3,7 days,0.518,1,1,1,1,1,1,1,1,1,1,1
3,7 days,0.52,2,2,2,2,2,2,2,2,2,2,2
3,7 days,0.522,1,1,1,1,1,1,1,1,1,1,1
3,7 days,0.524,1,1,1,1,1,1,1,1,1,1,1
3,7 days,0.529,1,1,1,1,1,1,1,1,1,1,1
3,7 days,0.532,1,1,1,1,1,1,1,1,1,1,1
3,7 days,0.534,1,1,1,1,1,1,1,1,1,1,1
3,7 days,0.535,3,3,3,3,3,3,3,3,3,3,3
3,7 days,0.536,2,2,2,2,2,2,2,2,2,2,2
3,7 days,0.541,1,1,1,1,1,1,1,1,1,1,1
3,7 days,0.547,1,1,1,1,1,1,1,1,1,1,1
3,7 days,0.548,1,1,1,1,1,1,1,1,1,1,1
3,7 days,0.549,1,1,1,1,1,1,1,1,1,1,1
3,7 days,0.551,2,2,2,2,2,2,2,2,2,2,2
3,7 days,0.553,1,1,1,1,1,1,1,1,1,1,1
3,7 days,0.554,1,1,1,1,1,1,1,1,1,1,1
3,7 days,0.555,1,1,1,1,1,1,1,1,1,1,1
3,7 days,0.557,3,3,3,3,3,3,3,3,3,3,3
3,7 days,0.558,1,1,1,1,1,1,1,1,1,1,1
3,7 days,0.562,1,1,1,1,1,1,1,1,1,1,1
3,7 days,0.565,1,1,1,1,1,1,1,1,1,1,1
3,7 days,0.568,1,1,1,1,1,1,1,1,1,1,1
3,7 days,0.57,3,3,3,3,3,3,3,3,3,3,3
3,7 days,0.571,1,1,1,1,1,1,1,1,1,1,1
3,7 days,0.573,2,2,2,2,2,2,2,2,2,2,2
3,7 days,0.579,1,1,1,1,1,1,1,1,1,1,1
3,7 days,0.58,1,1,1,1,1,1,1,1,1,1,1
3,7 days,0.581,1,1,1,1,1,1,1,1,1,1,1
3,7 days,0.582,1,1,1,1,1,1,1,1,1,1,1
3,7 days,0.586,2,2,2,2,2,2,2,2,2,2,2
3,7 days,0.587,1,1,1,1,1,1,1,1,1,1,1
3,7 days,0.588,3,3,3,3,3,3,3,3,3,3,3
3,7 days,0.589,1,1,1,1,1,1,1,1,1,1,1
3,7 days,0.591,2,2,2,2,2,2,2,2,2,2,2
3,7 days,0.595,2,2,2,2,2,2,2,2,2,2,2
3,7 days,0.596,1,1,1,1,1,1,1,1,1,1,1
3,7 days,0.597,2,2,2,2,2,2,2,2,2,2,2
3,7 days,0.598,1,1,1,1,1,1,1,1,1,1,1
3,7 days,0.599,2,2,2,2,2,2,2,2,2,2,2
3,7 days,0.601,1,1,1,1,1,1,1,1,1,1,1
3,7 days,0.602,1,1,1,1,1,1,1,1,1,1,1
3,7 days,0.612,2,2,2,2,2,2,2,2,2,2,2
3,7 days,0.613,1,1,1,1,1,1,1,1,1,1,1
3,7 days,0.617,1,1,1,1,1,1,1,1,1,1,1
3,7 days,0.618,3,3,3,3,3,3,3,3,3,3,3
3,7 days,0.62,2,2,2,2,2,2,2,2,2,2,2
3,7 days,0.627,1,1,1,1,1,1,1,1,1,1,1
3,7 days,0.63,1,1,1,1,1,1,1,1,1,1,1
3,7 days,0.631,1,1,1,1,1,1,1,1,1,1,1
3,7 days,0.634,1,1,1,1,1,1,1,1,1,1,1
3,7 days,0.638,1,1,1,1,1,1,1,1,1,1,1
3,7 days,0.64,2,2,2,2,2,2,2,2,2,2,2
3,7 days,0.642,1,1,1,1,1,1,1,1,1,1,1
3,7 days,0.645,1,1,1,1,1,1,1,1,1,1,1
3,7 days,0.646,1,1,1,1,1,1,1,1,1,1,1
3,7 days,0.647,1,1,1,1,1,1,1,1,1,1,1
3,7 days,0.648,1,1,1,1,1,1,1,1,1,1,1
3,7 days,0.65,1,1,1,1,1,1,1,1,1,1,1
3,7 days,0.653,2,2,2,2,2,2,2,2,2,2,2
3,7 days,0.654,1,1,1,1,1,1,1,1,1,1,1
3,7 days,0.656,1,1,1,1,1,1,1,1,1,1,1
3,7 days,0.658,2,2,2,2,2,2,2,2,2,2,2
3,7 days,0.66,1,1,1,1,1,1,1,1,1,1,1
3,7 days,0.661,1,1,1,1,1,1,1,1,1,1,1
3,7 days,0.664,1,1,1,1,1,1,1,1,1,1,1
3,7 days,0.67,3,3,3,3,3,3,3,3,3,3,3
3,7 days,0.671,1,1,1,1,1,1,1,1,1,1,1
3,7 days,0.673,2,2,2,2,2,2,2,2,2,2,2
3,7 days,0.674,2,2,2,2,2,2,2,2,2,2,2
3,7 days,0.677,1,1,1,1,1,1,1,1,1,1,1
3,7 days,0.678,1,1,1,1,1,1,1,1,1,1,1
3,7 days,0.679,1,1,1,1,1,1,1,1,1,1,1
3,7 days,0.683,2,2,2,2,2,2,2,2,2,2,2
3,7 days,0.687,1,1,1,1,1,1,1,1,1,1,1
3,7 days,0.691,2,2,2,2,2,2,2,2,2,2,2
3,7 days,0.692,2,2,2,2,2,2,2,2,2,2,2
3,7 days,0.699,1,1,1,1,1,1,1,1,1,1,1
3,7 days,0.7,1,1,1,1,1,1,1,1,1,1,1
3,7 days,0.701,2,2,2,2,2,2,2,2,2,2,2
3,7 days,0.704,1,1,1,1,1,1,1,1,1,1,1
3,7 days,0.706,1,1,1,1,1,1,1,1,1,1,1
3,7 days,0.71,1,1,1,1,1,1,1,1,1,1,1
3,7 days,0.711,1,1,1,1,1,1,1,1,1,1,1
3,7 days,0.713,1,1,1,1,1,1,1,1,1,1,1
3,7 days,0.714,1,1,1,1,1,1,1,1,1,1,1
3,7 days,0.716,2,2,2,2,2,2,2,2,2,2,2
3,7 days,0.729,2,2,2,2,2,2,2,2,2,2,2
3,7 days,0.731,2,2,2,2,2,2,2,2,2,2,2
3,7 days,0.745,1,1,1,1,1,1,1,1,1,1,1
3,7 days,0.746,2,2,2,2,2,2,2,2,2,2,2
3,7 days,0.749,1,1,1,1,1,1,1,1,1,1,1
3,7 days,0.75,4,4,4,4,4,4,4,4,4,4,4
3,7 days,0.756,1,1,1,1,1,1,1,1,1,1,1
3,7 days,0.758,1,1,1,1,1,1,1,1,1,1,1
3,7 days,0.763,1,1,1,1,1,1,1,1,1,1,1
3,7 days,0.766,1,1,1,1,1,1,1,1,1,1,1
3,7 days,0.767,1,1,1,1,1,1,1,1,1,1,1
3,7 days,0.77,1,1,1,1,1,1,1,1,1,1,1
3,7 days,0.776,1,1,1,1,1,1,1,1,1,1,1
3,7 days,0.792,1,1,1,1,1,1,1,1,1,1,1
3,7 days,0.793,1,1,1,1,1,1,1,1,1,1,1
3,7 days,0.797,1,1,1,1,1,1,1,1,1,1,1
3,7 days,0.802,1,1,1,1,1,1,1,1,1,1,1
3,7 days,0.807,1,1,1,1,1,1,1,1,1,1,1
3,7 days,0.815,1,1,1,1,1,1,1,1,1,1,1
3,7 days,0.82,1,1,1,1,1,1,1,1,1,1,1
3,7 days,0.823,1,1,1,1,1,1,1,1,1,1,1
3,7 days,0.845,1,1,1,1,1,1,1,1,1,1,1
3,7 days,0.848,1,1,1,1,1,1,1,1,1,1,1
3,7 days,0.854,1,1,1,1,1,1,1,1,1,1,1
3,7 days,0.859,1,1,1,1,1,1,1,1,1,1,1
3,7 days,0.86,1,1,1,1,1,1,1,1,1,1,1
3,7 days,0.873,1,1,1,1,1,1,1,1,1,1,1
3,7 days,0.874,1,1,1,1,1,1,1,1,1,1,1
3,7 days,0.883,1,1,1,1,1,1,1,1,1,1,1
3,7 days,0.892,1,1,1,1,1,1,1,1,1,1,1
3,7 days,0.92,1,1,1,1,1,1,1,1,1,1,1
3,7 days,0.96,1,1,1,1,1,1,1,1,1,1,1
3,7 days,0.966,1,1,1,1,1,1,1,1,1,1,1
3,8 days,0.032,1,1,1,1,1,1,1,1,1,1,1
3,8 days,0.0503,1,1,1,1,1,1,1,1,1,1,1
3,8 days,0.0517,1,1,1,1,1,1,1,1,1,1,1
3,8 days,0.0743,1,1,1,1,1,1,1,1,1,1,1
3,8 days,0.132,1,1,1,1,1,1,1,1,1,1,1
3,8 days,0.152,1,1,1,1,1,1,1,1,1,1,1
3,8 days,0.161,1,1,1,1,1,1,1,1,1,1,1
3,8 days,0.196,1,1,1,1,1,1,1,1,1,1,1
3,8 days,0.229,1,1,1,1,1,1,1,1,1,1,1
3,8 days,0.232,1,1,1,1,1,1,1,1,1,1,1
3,8 days,0.246,1,1,1,1,1,1,1,1,1,1,1
3,8 days,0.247,1,1,1,1,1,1,1,1,1,1,1
3,8 days,0.272,1,1,1,1,1,1,1,1,1,1,1
3,8 days,0.277,1,1,1,1,1,1,1,1,1,1,1
3,8 days,0.311,1,1,1,1,1,1,1,1,1,1,1
3,8 days,0.346,1,1,1,1,1,1,1,1,1,1,1
3,8 days,0.363,1,1,1,1,1,1,1,1,1,1,1
3,8 days,0.369,1,1,1,1,1,1,1,1,1,1,1
3,8 days,0.377,1,1,1,1,1,1,1,1,1,1,1
3,8 days,0.381,1,1,1,1,1,1,1,1,1,1,1
3,8 days,0.393,1,1,1,1,1,1,1,1,1,1,1
3,8 days,0.405,1,1,1,1,1,1,1,1,1,1,1
3,8 days,0.429,1,1,1,1,1,1,1,1,1,1,1
3,8 days,0.443,1,1,1,1,1,1,1,1,1,1,1
3,8 days,0.445,1,1,1,1,1,1,1,1,1,1,1
3,8 days,0.451,1,1,1,1,1,1,1,1,1,1,1
3,8 days,0.467,1,1,1,1,1,1,1,1,1,1,1
3,8 days,0.485,1,1,1,1,1,1,1,1,1,1,1
3,8 days,0.495,1,1,1,1,1,1,1,1,1,1,1
3,8 days,0.512,1,1,1,1,1,1,1,1,1,1,1
3,8 days,0.524,1,1,1,1,1,1,1,1,1,1,1
3,8 days,0.528,1,1,1,1,1,1,1,1,1,1,1
3,8 days,0.536,1,1,1,1,1,1,1,1,1,1,1
3,8 days,0.551,2,2,2,2,2,2,2,2,2,2,2
3,8 days,0.556,1,1,1,1,1,1,1,1,1,1,1
3,8 days,0.56,2,2,2,2,2,2,2,2,2,2,2
3,8 days,0.609,1,1,1,1,1,1,1,1,1,1,1
3,8 days,0.629,1,1,1,1,1,1,1,1,1,1,1
3,8 days,0.65,1,1,1,1,1,1,1,1,1,1,1
3,8 days,0.711,1,1,1,1,1,1,1,1,1,1,1
3,8 days,0.717,1,1,1,1,1,1,1,1,1,1,1
3,8 days,0.725,1,1,1,1,1,1,1,1,1,1,1
3,8 days,0.726,1,1,1,1,1,1,1,1,1,1,1
3,8 days,0.727,1,1,1,1,1,1,1,1,1,1,1
3,8 days,0.745,1,1,1,1,1,1,1,1,1,1,1
3,8 days,0.763,1,1,1,1,1,1,1,1,1,1,1
3,8 days,0.77,1,1,1,1,1,1,1,1,1,1,1
3,8 days,0.775,1,1,1,1,1,1,1,1,1,1,1
3,8 days,0.784,1,1,1,1,1,1,1,1,1,1,1
3,8 days,0.8,1,1,1,1,1,1,1,1,1,1,1
3,8 days,0.806,1,1,1,1,1,1,1,1,1,1,1
3,8 days,0.809,1,1,1,1,1,1,1,1,1,1,1
3,8 days,0.818,1,1,1,1,1,1,1,1,1,1,1
3,8 days,0.916,1,1,1,1,1,1,1,1,1,1,1
3,8 days,0.925,1,1,1,1,1,1,1,1,1,1,1
3,8 days,0.961,1,1,1,1,1,1,1,1,1,1,1
3,9 days,0.199,2,2,2,2,2,2,2,2,2,2,2
3,9 days,0.227,1,1,1,1,1,1,1,1,1,1,1
3,9 days,0.244,1,1,1,1,1,1,1,1,1,1,1
3,9 days,0.285,1,1,1,1,1,1,1,1,1,1,1
3,9 days,0.383,1,1,1,1,1,1,1,1,1,1,1
3,9 days,0.384,1,1,1,1,1,1,1,1,1,1,1
3,9 days,0.455,1,1,1,1,1,1,1,1,1,1,1
3,9 days,0.523,1,1,1,1,1,1,1,1,1,1,1
3,9 days,0.594,1,1,1,1,1,1,1,1,1,1,1
3,9 days,0.636,1,1,1,1,1,1,1,1,1,1,1
3,9 days,0.697,1,1,1,1,1,1,1,1,1,1,1
3,9 days,0.709,1,1,1,1,1,1,1,1,1,1,1
3,9 days,0.767,1,1,1,1,1,1,1,1,1,1,1
3,10 days,0.13,1,1,1,1,1,1,1,1,1,1,1
3,10 days,0.235,1,1,1,1,1,1,1,1,1,1,1
3,10 days,0.33,1,1,1,1,1,1,1,1,1,1,1
3,10 days,0.381,1,1,1,1,1,1,1,1,1,1,1
3,10 days,0.427,1,1,1,1,1,1,1,1,1,1,1
3,10 days,0.455,1,1,1,1,1,1,1,1,1,1,1
3,10 days,0.508,1,1,1,1,1,1,1,1,1,1,1
3,10 days,0.754,1,1,1,1,1,1,1,1,1,1,1
3,11 days,0.151,1,1,1,1,1,1,1,1,1,1,1
3,11 days,0.198,1,1,1,1,1,1,1,1,1,1,1
3,11 days,0.351,1,1,1,1,1,1,1,1,1,1,1
3,11 days,0.405,2,2,2,2,2,2,2,2,2,2,2
3,11 days,0.56,1,1,1,1,1,1,1,1,1,1,1
3,11 days,0.562,1,1,1,1,1,1,1,1,1,1,1
3,11 days,0.64,1,1,1,1,1,1,1,1,1,1,1
3,11 days,0.769,1,1,1,1,1,1,1,1,1,1,1
3,11 days,0.804,1,1,1,1,1,1,1,1,1,1,1
3,11 days,0.866,1,1,1,1,1,1,1,1,1,1,1
3,11 days,0.867,1,1,1,1,1,1,1,1,1,1,1
3,12 days,0.382,1,1,1,1,1,1,1,1,1,1,1
3,13 days,0.556,2,2,2,2,2,2,2,2,2,2,2
3,13 days,0.582,1,1,1,1,1,1,1,1,1,1,1
3,13 days,0.761,1,1,1,1,1,1,1,1,1,1,1
3,13 days,0.824,1,1,1,1,1,1,1,1,1,1,1
3,14 days,0.149,1,1,1,1,1,1,1,1,1,1,1
3,14 days,0.284,1,1,1,1,1,1,1,1,1,1,1
3,14 days,0.34,1,1,1,1,1,1,1,1,1,1,1
3,14 days,0.35,1,1,1,1,1,1,1,1,1,1,1
3,14 days,0.425,1,1,1,1,1,1,1,1,1,1,1
3,14 days,0.452,1,1,1,1,1,1,1,1,1,1,1
3,14 days,0.585,1,1,1,1,1,1,1,1,1,1,1
3,14 days,0.634,1,1,1,1,1,1,1,1,1,1,1
3,14 days,0.635,1,1,1,1,1,1,1,1,1,1,1
3,14 days,0.656,1,1,1,1,1,1,1,1,1,1,1
3,14 days,0.703,1,1,1,1,1,1,1,1,1,1,1
3,14 days,0.732,1,1,1,1,1,1,1,1,1,1,1
3,14 days,0.736,1,1,1,1,1,1,1,1,1,1,1
3,14 days,0.78,1,1,1,1,1,1,1,1,1,1,1
3,14 days,0.797,1,1,1,1,1,1,1,1,1,1,1
3,14 days,0.818,1,1,1,1,1,1,1,1,1,1,1
3,14 days,0.865,1,1,1,1,1,1,1,1,1,1,1
3,14 days,0.878,1,1,1,1,1,1,1,1,1,1,1
3,15 days,0.346,1,1,1,1,1,1,1,1,1,1,1
3,15 days,0.396,1,1,1,1,1,1,1,1,1,1,1
3,15 days,0.553,1,1,1,1,1,1,1,1,1,1,1
3,18 days,0.582,1,1,1,1,1,1,1,1,1,1,1
3,20 days,0.19,1,1,1,1,1,1,1,1,1,1,1
3,20 days,0.685,1,1,1,1,1,1,1,1,1,1,1
3,21 days,0.143,1,1,1,1,1,1,1,1,1,1,1
3,21 days,0.173,1,1,1,1,1,1,1,1,1,1,1
3,21 days,0.27,1,1,1,1,1,1,1,1,1,1,1
3,21 days,0.303,1,1,1,1,1,1,1,1,1,1,1
3,21 days,0.325,1,1,1,1,1,1,1,1,1,1,1
3,21 days,0.429,1,1,1,1,1,1,1,1,1,1,1
3,21 days,0.43,1,1,1,1,1,1,1,1,1,1,1
3,21 days,0.505,1,1,1,1,1,1,1,1,1,1,1
3,21 days,0.606,1,1,1,1,1,1,1,1,1,1,1
3,21 days,0.631,1,1,1,1,1,1,1,1,1,1,1
3,21 days,0.745,1,1,1,1,1,1,1,1,1,1,1
3,21 days,0.855,1,1,1,1,1,1,1,1,1,1,1
3,21 days,0.926,1,1,1,1,1,1,1,1,1,1,1
3,22 days,0.522,1,1,1,1,1,1,1,1,1,1,1
3,22 days,0.532,1,1,1,1,1,1,1,1,1,1,1
3,22 days,0.822,1,1,1,1,1,1,1,1,1,1,1
3,22 days,0.921,1,1,1,1,1,1,1,1,1,1,1
3,23 days,0.761,1,1,1,1,1,1,1,1,1,1,1
3,25 days,0.608,1,1,1,1,1,1,1,1,1,1,1
3,25 days,0.775,1,1,1,1,1,1,1,1,1,1,1
3,26 days,0.745,1,1,1,1,1,1,1,1,1,1,1
3,27 days,0.383,1,1,1,1,1,1,1,1,1,1,1
3,28 days,0.0927,1,1,1,1,1,1,1,1,1,1,1
3,28 days,0.359,1,1,1,1,1,1,1,1,1,1,1
3,28 days,0.474,1,1,1,1,1,1,1,1,1,1,1
3,28 days,0.49,1,1,1,1,1,1,1,1,1,1,1
3,28 days,0.694,1,1,1,1,1,1,1,1,1,1,1
3,28 days,0.697,1,1,1,1,1,1,1,1,1,1,1
3,28 days,0.7,1,1,1,1,1,1,1,1,1,1,1
3,28 days,0.721,1,1,1,1,1,1,1,1,1,1,1
3,28 days,0.802,1,1,1,1,1,1,1,1,1,1,1
3,28 days,0.835,2,2,2,2,2,2,2,2,2,2,2
3,28 days,0.91,1,1,1,1,1,1,1,1,1,1,1
3,29 days,0.296,1,1,1,1,1,1,1,1,1,1,1
3,29 days,0.823,1,1,1,1,1,1,1,1,1,1,1
3,30 days,0.835,1,1,1,1,1,1,1,1,1,1,1
3,30 days,0.907,1,1,1,1,1,1,1,1,1,1,1
3,30 days,0.919,1,1,1,1,1,1,1,1,1,1,1
3,32 days,0.62,1,1,1,1,1,1,1,1,1,1,1
3,34 days,0.805,1,1,1,1,1,1,1,1,1,1,1
3,35 days,0.306,1,1,1,1,1,1,1,1,1,1,1
3,35 days,0.351,1,1,1,1,1,1,1,1,1,1,1
3,35 days,0.374,1,1,1,1,1,1,1,1,1,1,1
3,35 days,0.383,1,1,1,1,1,1,1,1,1,1,1
3,35 days,0.522,1,1,1,1,1,1,1,1,1,1,1
3,35 days,0.635,1,1,1,1,1,1,1,1,1,1,1
3,35 days,0.678,1,1,1,1,1,1,1,1,1,1,1
3,35 days,0.837,1,1,1,1,1,1,1,1,1,1,1
3,35 days,0.874,1,1,1,1,1,1,1,1,1,1,1
3,35 days,0.933,1,1,1,1,1,1,1,1,1,1,1
3,36 days,0.246,1,1,1,1,1,1,1,1,1,1,1
3,36 days,0.503,1,1,1,1,1,1,1,1,1,1,1
3,36 days,0.608,1,1,1,1,1,1,1,1,1,1,1
3,36 days,0.645,1,1,1,1,1,1,1,1,1,1,1
3,39 days,0.95,1,1,1,1,1,1,1,1,1,1,1
3,41 days,0.453,1,1,1,1,1,1,1,1,1,1,1
3,41 days,0.836,1,1,1,1,1,1,1,1,1,1,1
3,42 days,0.271,1,1,1,1,1,1,1,1,1,1,1
3,42 days,0.273,1,1,1,1,1,1,1,1,1,1,1
3,42 days,0.386,1,1,1,1,1,1,1,1,1,1,1
3,42 days,0.408,1,1,1,1,1,1,1,1,1,1,1
3,42 days,0.456,1,1,1,1,1,1,1,1,1,1,1
3,42 days,0.479,1,1,1,1,1,1,1,1,1,1,1
3,42 days,0.515,1,1,1,1,1,1,1,1,1,1,1
3,42 days,0.574,1,1,1,1,1,1,1,1,1,1,1
3,42 days,0.601,1,1,1,1,1,1,1,1,1,1,1
3,42 days,0.72,1,1,1,1,1,1,1,1,1,1,1
3,42 days,0.735,1,1,1,1,1,1,1,1,1,1,1
3,42 days,0.898,1,1,1,1,1,1,1,1,1,1,1
3,42 days,0.924,1,1,1,1,1,1,1,1,1,1,1
3,42 days,0.962,1,1,1,1,1,1,1,1,1,1,1
3,43 days,0.388,1,1,1,1,1,1,1,1,1,1,1
3,44 days,0.605,1,1,1,1,1,1,1,1,1,1,1
3,44 days,0.965,1,1,1,1,1,1,1,1,1,1,1
3,45 days,0.411,1,1,1,1,1,1,1,1,1,1,1
3,46 days,0.431,1,1,1,1,1,1,1,1,1,1,1
3,46 days,0.707,1,1,1,1,1,1,1,1,1,1,1
3,49 days,0.0395,1,1,1,1,1,1,1,1,1,1,1
3,49 days,0.0763,1,1,1,1,1,1,1,1,1,1,1
3,49 days,0.415,1,1,1,1,1,1,1,1,1,1,1
3,49 days,0.523,1,1,1,1,1,1,1,1,1,1,1
3,49 days,0.587,1,1,1,1,1,1,1,1,1,1,1
3,49 days,0.608,1,1,1,1,1,1,1,1,1,1,1
3,49 days,0.613,1,1,1,1,1,1,1,1,1,1,1
3,49 days,0.68,1,1,1,1,1,1,1,1,1,1,1
3,49 days,0.806,1,1,1,1,1,1,1,1,1,1,1
3,49 days,0.835,1,1,1,1,1,1,1,1,1,1,1
3,49 days,0.962,1,1,1,1,1,1,1,1,1,1,1
3,51 days,0.422,1,1,1,1,1,1,1,1,1,1,1
3,55 days,0.609,1,1,1,1,1,1,1,1,1,1,1
3,56 days,0.245,1,1,1,1,1,1,1,1,1,1,1
3,56 days,0.274,1,1,1,1,1,1,1,1,1,1,1
3,56 days,0.336,1,1,1,1,1,1,1,1,1,1,1
3,56 days,0.429,1,1,1,1,1,1,1,1,1,1,1
3,56 days,0.616,1,1,1,1,1,1,1,1,1,1,1
3,56 days,0.625,1,1,1,1,1,1,1,1,1,1,1
3,56 days,0.662,1,1,1,1,1,1,1,1,1,1,1
3,56 days,0.676,1,1,1,1,1,1,1,1,1,1,1
3,56 days,0.799,1,1,1,1,1,1,1,1,1,1,1
3,56 days,0.896,1,1,1,1,1,1,1,1,1,1,1
3,57 days,0.669,1,1,1,1,1,1,1,1,1,1,1
3,57 days,0.698,1,1,1,1,1,1,1,1,1,1,1
3,57 days,0.729,1,1,1,1,1,1,1,1,1,1,1
3,58 days,0.714,1,1,1,1,1,1,1,1,1,1,1
3,58 days,0.791,1,1,1,1,1,1,1,1,1,1,1
3,59 days,0.629,1,1,1,1,1,1,1,1,1,1,1
3,62 days,0.857,1,1,1,1,1,1,1,1,1,1,1
3,63 days,0.35,1,1,1,1,1,1,1,1,1,1,1
3,63 days,0.459,1,1,1,1,1,1,1,1,1,1,1
3,63 days,0.564,1,1,1,1,1,1,1,1,1,1,1
3,63 days,0.672,1,1,1,1,1,1,1,1,1,1,1
3,63 days,0.715,1,1,1,1,1,1,1,1,1,1,1
3,63 days,0.726,1,1,1,1,1,1,1,1,1,1,1
3,63 days,0.776,1,1,1,1,1,1,1,1,1,1,1
3,63 days,0.865,1,1,1,1,1,1,1,1,1,1,1
3,63 days,0.913,1,1,1,1,1,1,1,1,1,1,1
3,64 days,0.24,1,1,1,1,1,1,1,1,1,1,1
3,64 days,0.698,1,1,1,1,1,1,1,1,1,1,1
3,70 days,0.225,1,1,1,1,1,1,1,1,1,1,1
3,70 days,0.322,1,1,1,1,1,1,1,1,1,1,1
3,70 days,0.379,1,1,1,1,1,1,1,1,1,1,1
3,70 days,0.511,1,1,1,1,1,1,1,1,1,1,1
3,70 days,0.545,1,1,1,1,1,1,1,1,1,1,1
3,70 days,0.662,1,1,1,1,1,1,1,1,1,1,1
3,70 days,0.683,1,1,1,1,1,1,1,1,1,1,1
3,70 days,0.803,1,1,1,1,1,1,1,1,1,1,1
3,70 days,0.876,1,1,1,1,1,1,1,1,1,1,1
3,70 days,0.946,1,1,1,1,1,1,1,1,1,1,1
3,72 days,0.432,1,1,1,1,1,1,1,1,1,1,1
3,72 days,0.963,1,1,1,1,1,1,1,1,1,1,1
3,73 days,0.963,1,1,1,1,1,1,1,1,1,1,1
3,74 days,0.764,1,1,1,1,1,1,1,1,1,1,1
3,76 days,0.443,1,1,1,1,1,1,1,1,1,1,1
3,76 days,0.698,1,1,1,1,1,1,1,1,1,1,1
3,77 days,0.233,1,1,1,1,1,1,1,1,1,1,1
3,77 days,0.349,1,1,1,1,1,1,1,1,1,1,1
3,77 days,0.453,1,1,1,1,1,1,1,1,1,1,1
3,77 days,0.708,1,1,1,1,1,1,1,1,1,1,1
3,77 days,0.712,1,1,1,1,1,1,1,1,1,1,1
3,77 days,0.725,1,1,1,1,1,1,1,1,1,1,1
3,77 days,0.758,1,1,1,1,1,1,1,1,1,1,1
3,77 days,0.937,1,1,1,1,1,1,1,1,1,1,1
3,78 days,0.574,1,1,1,1,1,1,1,1,1,1,1
3,78 days,0.678,1,1,1,1,1,1,1,1,1,1,1
3,78 days,0.781,1,1,1,1,1,1,1,1,1,1,1
3,79 days,0.237,1,1,1,1,1,1,1,1,1,1,1
3,79 days,0.499,1,1,1,1,1,1,1,1,1,1,1
3,80 days,0.171,1,1,1,1,1,1,1,1,1,1,1
3,83 days,0.667,1,1,1,1,1,1,1,1,1,1,1
3,84 days,0.503,1,1,1,1,1,1,1,1,1,1,1
3,84 days,0.582,1,1,1,1,1,1,1,1,1,1,1
3,84 days,0.615,1,1,1,1,1,1,1,1,1,1,1
3,84 days,0.677,1,1,1,1,1,1,1,1,1,1,1
3,84 days,0.714,1,1,1,1,1,1,1,1,1,1,1
3,84 days,0.884,1,1,1,1,1,1,1,1,1,1,1
3,84 days,0.961,1,1,1,1,1,1,1,1,1,1,1
3,85 days,0.907,1,1,1,1,1,1,1,1,1,1,1
3,86 days,0.66,1,1,1,1,1,1,1,1,1,1,1
3,88 days,0.866,1,1,1,1,1,1,1,1,1,1,1
3,91 days,0.344,1,1,1,1,1,1,1,1,1,1,1
3,91 days,0.461,1,1,1,1,1,1,1,1,1,1,1
3,91 days,0.706,1,1,1,1,1,1,1,1,1,1,1
3,91 days,0.904,1,1,1,1,1,1,1,1,1,1,1
3,96 days,0.274,1,1,1,1,1,1,1,1,1,1,1
3,98 days,0.343,1,1,1,1,1,1,1,1,1,1,1
3,98 days,0.392,1,1,1,1,1,1,1,1,1,1,1
3,98 days,0.554,1,1,1,1,1,1,1,1,1,1,1
3,98 days,0.623,1,1,1,1,1,1,1,1,1,1,1
3,98 days,0.724,1,1,1,1,1,1,1,1,1,1,1
3,98 days,0.89,1,1,1,1,1,1,1,1,1,1,1
3,99 days,0.498,1,1,1,1,1,1,1,1,1,1,1
3,99 days,0.854,1,1,1,1,1,1,1,1,1,1,1
3,104 days,0.247,1,1,1,1,1,1,1,1,1,1,1
3,104 days,0.331,1,1,1,1,1,1,1,1,1,1,1
3,105 days,0.151,1,1,1,1,1,1,1,1,1,1,1
3,105 days,0.198,1,1,1,1,1,1,1,1,1,1,1
3,105 days,0.428,1,1,1,1,1,1,1,1,1,1,1
3,105 days,0.505,1,1,1,1,1,1,1,1,1,1,1
3,105 days,0.58,1,1,1,1,1,1,1,1,1,1,1
3,105 days,0.64,1,1,1,1,1,1,1,1,1,1,1
3,105 days,0.786,1,1,1,1,1,1,1,1,1,1,1
3,106 days,0.498,1,1,1,1,1,1,1,1,1,1,1
3,106 days,0.526,1,1,1,1,1,1,1,1,1,1,1
3,106 days,0.554,1,1,1,1,1,1,1,1,1,1,1
3,106 days,0.615,1,1,1,1,1,1,1,1,1,1,1
3,112 days,0.266,1,1,1,1,1,1,1,1,1,1,1
3,112 days,0.475,1,1,1,1,1,1,1,1,1,1,1
3,112 days,0.488,1,1,1,1,1,1,1,1,1,1,1
3,112 days,0.517,1,1,1,1,1,1,1,1,1,1,1
3,112 days,0.664,1,1,1,1,1,1,1,1,1,1,1
3,112 days,0.777,2,2,2,2,2,2,2,2,2,2,2
3,112 days,0.836,1,1,1,1,1,1,1,1,1,1,1
3,113 days,0.774,1,1,1,1,1,1,1,1,1,1,1
3,119 days,0.388,1,1,1,1,1,1,1,1,1,1,1
3,119 days,0.43,1,1,1,1,1,1,1,1,1,1,1
3,119 days,0.724,1,1,1,1,1,1,1,1,1,1,1
3,121 days,0.804,1,1,1,1,1,1,1,1,1,1,1
3,126 days,0.163,1,1,1,1,1,1,1,1,1,1,1
3,126 days,0.226,1,1,1,1,1,1,1,1,1,1,1
3,126 days,0.272,1,1,1,1,1,1,1,1,1,1,1
3,126 days,0.432,1,1,1,1,1,1,1,1,1,1,1
3,126 days,0.533,1,1,1,1,1,1,1,1,1,1,1
3,126 days,0.542,1,1,1,1,1,1,1,1,1,1,1
3,126 days,0.721,1,1,1,1,1,1,1,1,1,1,1
3,127 days,0.437,1,1,1,1,1,1,1,1,1,1,1
3,128 days,0.652,1,1,1,1,1,1,1,1,1,1,1
3,133 days,0.581,1,1,1,1,1,1,1,1,1,1,1
3,133 days,0.593,1,1,1,1,1,1,1,1,1,1,1
3,134 days,0.623,1,1,1,1,1,1,1,1,1,1,1
3,134 days,0.708,1,1,1,1,1,1,1,1,1,1,1
3,134 days,0.788,1,1,1,1,1,1,1,1,1,1,1
3,134 days,0.907,1,1,1,1,1,1,1,1,1,1,1
3,140 days,0.571,1,1,1,1,1,1,1,1,1,1,1
3,140 days,0.831,1,1,1,1,1,1,1,1,1,1,1
3,141 days,0.579,1,1,1,1,1,1,1,1,1,1,1
3,147 days,0.131,1,1,1,1,1,1,1,1,1,1,1
3,147 days,0.637,1,1,1,1,1,1,1,1,1,1,1
3,147 days,0.695,1,1,1,1,1,1,1,1,1,1,1
3,147 days,0.863,1,1,1,1,1,1,1,1,1,1,1
3,147 days,0.94,1,1,1,1,1,1,1,1,1,1,1
3,154 days,0.423,1,1,1,1,1,1,1,1,1,1,1
3,154 days,0.831,1,1,1,1,1,1,1,1,1,1,1
3,155 days,0.69,1,1,1,1,1,1,1,1,1,1,1
3,161 days,0.0391,1,1,1,1,1,1,1,1,1,1,1
3,161 days,0.763,1,1,1,1,1,1,1,1,1,1,1
3,161 days,0.817,1,1,1,1,1,1,1,1,1,1,1
3,162 days,0.371,1,1,1,1,1,1,1,1,1,1,1
3,162 days,0.405,1,1,1,1,1,1,1,1,1,1,1
3,162 days,0.617,1,1,1,1,1,1,1,1,1,1,1
3,168 days,0.516,1,1,1,1,1,1,1,1,1,1,1
3,168 days,0.609,1,1,1,1,1,1,1,1,1,1,1
3,168 days,0.714,1,1,1,1,1,1,1,1,1,1,1
3,168 days,0.728,1,1,1,1,1,1,1,1,1,1,1
3,168 days,0.776,1,1,1,1,1,1,1,1,1,1,1
3,168 days,0.931,1,1,1,1,1,1,1,1,1,1,1
3,169 days,0.826,1,1,1,1,1,1,1,1,1,1,1
3,175 days,0.345,1,1,1,1,1,1,1,1,1,1,1
3,175 days,0.723,1,1,1,1,1,1,1,1,1,1,1
3,175 days,0.81,1,1,1,1,1,1,1,1,1,1,1
3,182 days,0.623,1,1,1,1,1,1,1,1,1,1,1
3,182 days,0.63,1,1,1,1,1,1,1,1,1,1,1
3,182 days,0.668,1,1,1,1,1,1,1,1,1,1,1
3,189 days,0.394,1,1,1,1,1,1,1,1,1,1,1
3,189 days,0.404,1,1,1,1,1,1,1,1,1,1,1
3,189 days,0.486,1,1,1,1,1,1,1,1,1,1,1
3,189 days,0.495,1,1,1,1,1,1,1,1,1,1,1
3,189 days,0.548,1,1,1,1,1,1,1,1,1,1,1
3,189 days,0.554,1,1,1,1,1,1,1,1,1,1,1
3,189 days,0.939,1,1,1,1,1,1,1,1,1,1,1
3,191 days,0.519,1,1,1,1,1,1,1,1,1,1,1
3,191 days,0.759,1,1,1,1,1,1,1,1,1,1,1
3,196 days,0.136,1,1,1,1,1,1,1,1,1,1,1
3,203 days,0.603,1,1,1,1,1,1,1,1,1,1,1
3,203 days,0.856,1,1,1,1,1,1,1,1,1,1,1
3,206 days,0.368,1,1,1,1,1,1,1,1,1,1,1
3,206 days,0.695,1,1,1,1,1,1,1,1,1,1,1
3,209 days,0.101,1,1,1,1,1,1,1,1,1,1,1
3,215 days,0.157,1,1,1,1,1,1,1,1,1,1,1
3,215 days,0.405,1,1,1,1,1,1,1,1,1,1,1
3,217 days,0.593,1,1,1,1,1,1,1,1,1,1,1
3,217 days,0.637,1,1,1,1,1,1,1,1,1,1,1
3,217 days,0.795,1,1,1,1,1,1,1,1,1,1,1
3,217 days,0.831,1,1,1,1,1,1,1,1,1,1,1
3,217 days,0.874,1,1,1,1,1,1,1,1,1,1,1
3,224 days,0.244,1,1,1,1,1,1,1,1,1,1,1
3,224 days,0.385,1,1,1,1,1,1,1,1,1,1,1
3,224 days,0.42,1,1,1,1,1,1,1,1,1,1,1
3,224 days,0.58,1,1,1,1,1,1,1,1,1,1,1
3,227 days,0.077,1,1,1,1,1,1,1,1,1,1,1
3,231 days,0.161,1,1,1,1,1,1,1,1,1,1,1
3,231 days,0.651,1,1,1,1,1,1,1,1,1,1,1
3,231 days,0.68,1,1,1,1,1,1,1,1,1,1,1
3,232 days,0.179,1,1,1,1,1,1,1,1,1,1,1
3,238 days,0.799,1,1,1,1,1,1,1,1,1,1,1
3,238 days,0.842,1,1,1,1,1,1,1,1,1,1,1
3,245 days,0.307,1,1,1,1,1,1,1,1,1,1,1
3,252 days,0.6,1,1,1,1,1,1,1,1,1,1,1
3,252 days,0.67,1,1,1,1,1,1,1,1,1,1,1
3,252 days,0.864,1,1,1,1,1,1,1,1,1,1,1
3,259 days,0.412,1,1,1,1,1,1,1,1,1,1,1
3,259 days,0.638,1,1,1,1,1,1,1,1,1,1,1
3,259 days,0.667,1,1,1,1,1,1,1,1,1,1,1
3,259 days,0.939,1,1,1,1,1,1,1,1,1,1,1
3,262 days,0.644,1,1,1,1,1,1,1,1,1,1,1
3,266 days,0.413,1,1,1,1,1,1,1,1,1,1,1
3,266 days,0.827,1,1,1,1,1,1,1,1,1,1,1
3,273 days,0.346,1,1,1,1,1,1,1,1,1,1,1
3,273 days,0.361,1,1,1,1,1,1,1,1,1,1,1
3,280 days,0.163,1,1,1,1,1,1,1,1,1,1,1
3,281 days,0.746,1,1,1,1,1,1,1,1,1,1,1
3,294 days,0.528,1,1,1,1,1,1,1,1,1,1,1
3,301 days,0.244,1,1,1,1,1,1,1,1,1,1,1
3,308 days,0.157,1,1,1,1,1,1,1,1,1,1,1
3,308 days,0.282,1,1,1,1,1,1,1,1,1,1,1
3,308 days,0.569,1,1,1,1,1,1,1,1,1,1,1
3,314 days,0.519,1,1,1,1,1,1,1,1,1,1,1
3,314 days,0.649,1,1,1,1,1,1,1,1,1,1,1
3,314 days,0.79,1,1,1,1,1,1,1,1,1,1,1
3,314 days,0.859,1,1,1,1,1,1,1,1,1,1,1
3,315 days,0.844,1,1,1,1,1,1,1,1,1,1,1
3,322 days,0.798,1,1,1,1,1,1,1,1,1,1,1
3,331 days,0.421,1,1,1,1,1,1,1,1,1,1,1
3,336 days,0.631,1,1,1,1,1,1,1,1,1,1,1
3,350 days,0.234,1,1,1,1,1,1,1,1,1,1,1
3,350 days,0.313,1,1,1,1,1,1,1,1,1,1,1
3,352 days,0.463,1,1,1,1,1,1,1,1,1,1,1
3,357 days,0.0809,1,1,1,1,1,1,1,1,1,1,1
3,364 days,0.347,1,1,1,1,1,1,1,1,1,1,1
3,386 days,0.265,1,1,1,1,1,1,1,1,1,1,1
3,392 days,0.652,1,1,1,1,1,1,1,1,1,1,1
3,399 days,0.463,1,1,1,1,1,1,1,1,1,1,1
3,406 days,0.544,1,1,1,1,1,1,1,1,1,1,1
3,420 days,0.229,1,1,1,1,1,1,1,1,1,1,1
3,422 days,0.129,1,1,1,1,1,1,1,1,1,1,1
3,455 days,0.156,1,1,1,1,1,1,1,1,1,1,1
3,455 days,0.632,1,1,1,1,1,1,1,1,1,1,1
3,455 days,0.645,1,1,1,1,1,1,1,1,1,1,1
3,455 days,0.761,1,1,1,1,1,1,1,1,1,1,1
3,455 days,0.893,1,1,1,1,1,1,1,1,1,1,1
3,467 days,0.694,1,1,1,1,1,1,1,1,1,1,1
3,476 days,0.316,1,1,1,1,1,1,1,1,1,1,1
3,477 days,0.533,1,1,1,1,1,1,1,1,1,1,1
3,479 days,0.877,1,1,1,1,1,1,1,1,1,1,1
3,518 days,0.641,1,1,1,1,1,1,1,1,1,1,1
3,547 days,0.319,1,1,1,1,1,1,1,1,1,1,1
3,560 days,0.381,1,1,1,1,1,1,1,1,1,1,1
3,567 days,0.448,1,1,1,1,1,1,1,1,1,1,1
3,588 days,0.124,1,1,1,1,1,1,1,1,1,1,1
3,614 days,0.616,1,1,1,1,1,1,1,1,1,1,1
3,637 days,0.0564,1,1,1,1,1,1,1,1,1,1,1
3,637 days,0.144,1,1,1,1,1,1,1,1,1,1,1
3,637 days,0.193,1,1,1,1,1,1,1,1,1,1,1
3,644 days,0.209,1,1,1,1,1,1,1,1,1,1,1
3,728 days,0.152,1,1,1,1,1,1,1,1,1,1,1
3,728 days,0.175,1,1,1,1,1,1,1,1,1,1,1
3,761 days,0.549,1,1,1,1,1,1,1,1,1,1,1
3,770 days,0.247,1,1,1,1,1,1,1,1,1,1,1
3,792 days,0.326,1,1,1,1,1,1,1,1,1,1,1
3,833 days,0.476,1,1,1,1,1,1,1,1,1,1,1
3,847 days,0.443,1,1,1,1,1,1,1,1,1,1,1
3,945 days,0.608,1,1,1,1,1,1,1,1,1,1,1
3,1136 days,0.72,1,1,1,1,1,1,1,1,1,1,1
3,1190 days,0.291,1,1,1,1,1,1,1,1,1,1,1
3,1323 days,0.326,1,1,1,1,1,1,1,1,1,1,1
3,1463 days,0.478,1,1,1,1,1,1,1,1,1,1,1
3,1512 days,0.478,1,1,1,1,1,1,1,1,1,1,1
3,1540 days,0.585,1,1,1,1,1,1,1,1,1,1,1
3,1750 days,0.446,1,1,1,1,1,1,1,1,1,1,1
3,1869 days,0.199,1,1,1,1,1,1,1,1,1,1,1
3,1995 days,0.406,1,1,1,1,1,1,1,1,1,1,1
3,1995 days,0.583,1,1,1,1,1,1,1,1,1,1,1
3,2223 days,0.591,1,1,1,1,1,1,1,1,1,1,1
3,2422 days,0.437,1,1,1,1,1,1,1,1,1,1,1
3,2509 days,0.51,1,1,1,1,1,1,1,1,1,1,1
3,2676 days,0.13,1,1,1,1,1,1,1,1,1,1,1
3,2732 days,0.477,1,1,1,1,1,1,1,1,1,1,1
3,2742 days,0.243,1,1,1,1,1,1,1,1,1,1,1
3,2782 days,0.131,1,1,1,1,1,1,1,1,1,1,1
3,2814 days,0.512,1,1,1,1,1,1,1,1,1,1,1
3,2860 days,0.354,1,1,1,1,1,1,1,1,1,1,1
3,3169 days,0.344,1,1,1,1,1,1,1,1,1,1,1
3,3287 days,0.609,1,1,1,1,1,1,1,1,1,1,1
3,3372 days,0.523,1,1,1,1,1,1,1,1,1,1,1
3,3567 days,0.294,1,1,1,1,1,1,1,1,1,1,1
3,3751 days,0.72,1,1,1,1,1,1,1,1,1,1,1
3,3867 days,0.434,1,1,1,1,1,1,1,1,1,1,1
3,4102 days,0.663,1,1,1,1,1,1,1,1,1,1,1
3,4264 days,0.194,1,1,1,1,1,1,1,1,1,1,1
3,4477 days,0.718,1,1,1,1,1,1,1,1,1,1,1
3,5057 days,0.673,1,1,1,1,1,1,1,1,1,1,1
3,5183 days,0.0612,1,1,1,1,1,1,1,1,1,1,1
3,6233 days,0.232,1,1,1,1,1,1,1,1,1,1,1
3,8386 days,0.74,1,1,1,1,1,1,1,1,1,1,1
3,9420 days,0.434,1,1,1,1,1,1,1,1,1,1,1
3,9546 days,0.434,1,1,1,1,1,1,1,1,1,1,1
3,9551 days,0.35,1,1,1,1,1,1,1,1,1,1,1
3,10900 days,0.72,1,1,1,1,1,1,1,1,1,1,1
3,13175 days,0.947,1,1,1,1,1,1,1,1,1,1,1
3,13467 days,0.828,1,1,1,1,1,1,1,1,1,1,1
3,14896 days,0.756,1,1,1,1,1,1,1,1,1,1,1
3,15029 days,0.601,1,1,1,1,1,1,1,1,1,1,1
3,15282 days,0.979,1,1,1,1,1,1,1,1,1,1,1
3,16114 days,0.228,1,1,1,1,1,1,1,1,1,1,1
4,0 days,0.808,1,1,1,1,1,1,1,1,1,1,1
4,6 days,0.304,1,1,1,1,1,1,1,1,1,1,1
4,6 days,0.887,1,1,1,1,1,1,1,1,1,1,1
4,7 days,0.0628,1,1,1,1,1,1,1,1,1,1,1
4,7 days,0.0753,2,2,2,2,2,2,2,2,2,2,2
4,7 days,0.0804,1,1,1,1,1,1,1,1,1,1,1
4,7 days,0.0849,1,1,1,1,1,1,1,1,1,1,1
4,7 days,0.0978,1,1,1,1,1,1,1,1,1,1,1
4,7 days,0.1,1,1,1,1,1,1,1,1,1,1,1
4,7 days,0.111,1,1,1,1,1,1,1,1,1,1,1
4,7 days,0.172,1,1,1,1,1,1,1,1,1,1,1
4,7 days,0.178,1,1,1,1,1,1,1,1,1,1,1
4,7 days,0.188,2,2,2,2,2,2,2,2,2,2,2
4,7 days,0.227,1,1,1,1,1,1,1,1,1,1,1
4,7 days,0.229,1,1,1,1,1,1,1,1,1,1,1
4,7 days,0.259,1,1,1,1,1,1,1,1,1,1,1
4,7 days,0.269,1,1,1,1,1,1,1,1,1,1,1
4,7 days,0.28,1,1,1,1,1,1,1,1,1,1,1
4,7 days,0.288,1,1,1,1,1,1,1,1,1,1,1
4,7 days,0.298,1,1,1,1,1,1,1,1,1,1,1
4,7 days,0.309,1,1,1,1,1,1,1,1,1,1,1
4,7 days,0.328,1,1,1,1,1,1,1,1,1,1,1
4,7 days,0.331,1,1,1,1,1,1,1,1,1,1,1
4,7 days,0.338,1,1,1,1,1,1,1,1,1,1,1
4,7 days,0.347,1,1,1,1,1,1,1,1,1,1,1
4,7 days,0.369,1,1,1,1,1,1,1,1,1,1,1
4,7 days,0.372,1,1,1,1,1,1,1,1,1,1,1
4,7 days,0.391,1,1,1,1,1,1,1,1,1,1,1
4,7 days,0.395,1,1,1,1,1,1,1,1,1,1,1
4,7 days,0.411,1,1,1,1,1,1,1,1,1,1,1
4,7 days,0.419,1,1,1,1,1,1,1,1,1,1,1
4,7 days,0.436,1,1,1,1,1,1,1,1,1,1,1
4,7 days,0.45,1,1,1,1,1,1,1,1,1,1,1
4,7 days,0.467,1,1,1,1,1,1,1,1,1,1,1
4,7 days,0.471,1,1,1,1,1,1,1,1,1,1,1
4,7 days,0.473,1,1,1,1,1,1,1,1,1,1,1
4,7 days,0.489,1,1,1,1,1,1,1,1,1,1,1
4,7 days,0.493,1,1,1,1,1,1,1,1,1,1,1
4,7 days,0.508,1,1,1,1,1,1,1,1,1,1,1
4,7 days,0.515,1,1,1,1,1,1,1,1,1,1,1
4,7 days,0.522,1,1,1,1,1,1,1,1,1,1,1
4,7 days,0.535,1,1,1,1,1,1,1,1,1,1,1
4,7 days,0.537,1,1,1,1,1,1,1,1,1,1,1
4,7 days,0.593,1,1,1,1,1,1,1,1,1,1,1
4,7 days,0.61,1,1,1,1,1,1,1,1,1,1,1
4,7 days,0.628,1,1,1,1,1,1,1,1,1,1,1
4,7 days,0.646,1,1,1,1,1,1,1,1,1,1,1
4,7 days,0.671,1,1,1,1,1,1,1,1,1,1,1
4,7 days,0.682,1,1,1,1,1,1,1,1,1,1,1
4,7 days,0.69,1,1,1,1,1,1,1,1,1,1,1
4,7 days,0.695,1,1,1,1,1,1,1,1,1,1,1
4,7 days,0.699,1,1,1,1,1,1,1,1,1,1,1
4,7 days,0.702,1,1,1,1,1,1,1,1,1,1,1
4,7 days,0.717,1,1,1,1,1,1,1,1,1,1,1
4,7 days,0.728,1,1,1,1,1,1,1,1,1,1,1
4,7 days,0.737,1,1,1,1,1,1,1,1,1,1,1
4,7 days,0.811,1,1,1,1,1,1,1,1,1,1,1
4,7 days,0.829,1,1,1,1,1,1,1,1,1,1,1
4,7 days,0.852,1,1,1,1,1,1,1,1,1,1,1
4,7 days,0.894,1,1,1,1,1,1,1,1,1,1,1
4,8 days,0.304,1,1,1,1,1,1,1,1,1,1,1
4,8 days,0.314,1,1,1,1,1,1,1,1,1,1,1
4,8 days,0.408,1,1,1,1,1,1,1,1,1,1,1
4,8 days,0.438,1,1,1,1,1,1,1,1,1,1,1
4,8 days,0.59,1,1,1,1,1,1,1,1,1,1,1
4,8 days,0.721,1,1,1,1,1,1,1,1,1,1,1
4,8 days,0.897,1,1,1,1,1,1,1,1,1,1,1
4,9 days,0.818,1,1,1,1,1,1,1,1,1,1,1
4,9 days,0.823,1,1,1,1,1,1,1,1,1,1,1
4,9 days,0.839,1,1,1,1,1,1,1,1,1,1,1
4,10 days,0.231,1,1,1,1,1,1,1,1,1,1,1
4,11 days,0.484,1,1,1,1,1,1,1,1,1,1,1
4,14 days,0.165,1,1,1,1,1,1,1,1,1,1,1
4,14 days,0.218,1,1,1,1,1,1,1,1,1,1,1
4,14 days,0.425,1,1,1,1,1,1,1,1,1,1,1
4,14 days,0.437,1,1,1,1,1,1,1,1,1,1,1
4,14 days,0.471,1,1,1,1,1,1,1,1,1,1,1
4,14 days,0.514,1,1,1,1,1,1,1,1,1,1,1
4,14 days,0.554,1,1,1,1,1,1,1,1,1,1,1
4,14 days,0.591,1,1,1,1,1,1,1,1,1,1,1
4,14 days,0.646,1,1,1,1,1,1,1,1,1,1,1
4,14 days,0.829,1,1,1,1,1,1,1,1,1,1,1
4,15 days,0.632,1,1,1,1,1,1,1,1,1,1,1
4,15 days,0.669,1,1,1,1,1,1,1,1,1,1,1
4,15 days,0.785,1,1,1,1,1,1,1,1,1,1,1
4,17 days,0.528,1,1,1,1,1,1,1,1,1,1,1
4,17 days,0.573,1,1,1,1,1,1,1,1,1,1,1
4,18 days,0.844,1,1,1,1,1,1,1,1,1,1,1
4,21 days,0.0592,1,1,1,1,1,1,1,1,1,1,1
4,21 days,0.399,1,1,1,1,1,1,1,1,1,1,1
4,21 days,0.44,1,1,1,1,1,1,1,1,1,1,1
4,21 days,0.464,1,1,1,1,1,1,1,1,1,1,1
4,21 days,0.478,1,1,1,1,1,1,1,1,1,1,1
4,21 days,0.569,1,1,1,1,1,1,1,1,1,1,1
4,21 days,0.646,1,1,1,1,1,1,1,1,1,1,1
4,21 days,0.784,1,1,1,1,1,1,1,1,1,1,1
4,21 days,0.934,1,1,1,1,1,1,1,1,1,1,1
4,22 days,0.141,1,1,1,1,1,1,1,1,1,1,1
4,22 days,0.203,1,1,1,1,1,1,1,1,1,1,1
4,22 days,0.631,1,1,1,1,1,1,1,1,1,1,1
4,22 days,0.73,1,1,1,1,1,1,1,1,1,1,1
4,22 days,0.789,1,1,1,1,1,1,1,1,1,1,1
4,28 days,0.393,1,1,1,1,1,1,1,1,1,1,1
4,28 days,0.474,1,1,1,1,1,1,1,1,1,1,1
4,28 days,0.664,1,1,1,1,1,1,1,1,1,1,1
4,28 days,0.808,1,1,1,1,1,1,1,1,1,1,1
4,28 days,0.866,1,1,1,1,1,1,1,1,1,1,1
4,28 days,0.891,1,1,1,1,1,1,1,1,1,1,1
4,29 days,0.473,1,1,1,1,1,1,1,1,1,1,1
4,35 days,0.194,1,1,1,1,1,1,1,1,1,1,1
4,35 days,0.262,1,1,1,1,1,1,1,1,1,1,1
4,35 days,0.269,1,1,1,1,1,1,1,1,1,1,1
4,35 days,0.412,1,1,1,1,1,1,1,1,1,1,1
4,35 days,0.619,1,1,1,1,1,1,1,1,1,1,1
4,35 days,0.881,1,1,1,1,1,1,1,1,1,1,1
4,36 days,0.342,1,1,1,1,1,1,1,1,1,1,1
4,36 days,0.442,1,1,1,1,1,1,1,1,1,1,1
4,41 days,0.734,1,1,1,1,1,1,1,1,1,1,1
4,42 days,0.145,1,1,1,1,1,1,1,1,1,1,1
4,42 days,0.202,1,1,1,1,1,1,1,1,1,1,1
4,42 days,0.261,1,1,1,1,1,1,1,1,1,1,1
4,42 days,0.357,1,1,1,1,1,1,1,1,1,1,1
4,42 days,0.688,1,1,1,1,1,1,1,1,1,1,1
4,42 days,0.719,1,1,1,1,1,1,1,1,1,1,1
4,42 days,0.721,1,1,1,1,1,1,1,1,1,1,1
4,42 days,0.742,1,1,1,1,1,1,1,1,1,1,1
4,42 days,0.768,1,1,1,1,1,1,1,1,1,1,1
4,42 days,0.786,1,1,1,1,1,1,1,1,1,1,1
4,43 days,0.476,1,1,1,1,1,1,1,1,1,1,1
4,44 days,0.758,1,1,1,1,1,1,1,1,1,1,1
4,44 days,0.884,1,1,1,1,1,1,1,1,1,1,1
4,44 days,0.926,1,1,1,1,1,1,1,1,1,1,1
4,49 days,0.443,1,1,1,1,1,1,1,1,1,1,1
4,49 days,0.593,1,1,1,1,1,1,1,1,1,1,1
4,49 days,0.637,1,1,1,1,1,1,1,1,1,1,1
4,50 days,0.705,1,1,1,1,1,1,1,1,1,1,1
4,56 days,0.335,1,1,1,1,1,1,1,1,1,1,1
4,56 days,0.819,1,1,1,1,1,1,1,1,1,1,1
4,56 days,0.837,1,1,1,1,1,1,1,1,1,1,1
4,56 days,0.843,1,1,1,1,1,1,1,1,1,1,1
4,57 days,0.813,1,1,1,1,1,1,1,1,1,1,1
4,57 days,0.821,1,1,1,1,1,1,1,1,1,1,1
4,58 days,0.638,1,1,1,1,1,1,1,1,1,1,1
4,58 days,0.962,1,1,1,1,1,1,1,1,1,1,1
4,59 days,0.191,1,1,1,1,1,1,1,1,1,1,1
4,59 days,0.835,1,1,1,1,1,1,1,1,1,1,1
4,59 days,0.907,1,1,1,1,1,1,1,1,1,1,1
4,59 days,0.964,1,1,1,1,1,1,1,1,1,1,1
4,63 days,0.137,1,1,1,1,1,1,1,1,1,1,1
4,63 days,0.269,1,1,1,1,1,1,1,1,1,1,1
4,63 days,0.397,1,1,1,1,1,1,1,1,1,1,1
4,63 days,0.618,1,1,1,1,1,1,1,1,1,1,1
4,63 days,0.744,1,1,1,1,1,1,1,1,1,1,1
4,64 days,0.682,1,1,1,1,1,1,1,1,1,1,1
4,64 days,0.761,1,1,1,1,1,1,1,1,1,1,1
4,70 days,0.471,1,1,1,1,1,1,1,1,1,1,1
4,70 days,0.642,1,1,1,1,1,1,1,1,1,1,1
4,70 days,0.906,1,1,1,1,1,1,1,1,1,1,1
4,71 days,0.439,1,1,1,1,1,1,1,1,1,1,1
4,71 days,0.479,1,1,1,1,1,1,1,1,1,1,1
4,71 days,0.822,1,1,1,1,1,1,1,1,1,1,1
4,76 days,0.407,1,1,1,1,1,1,1,1,1,1,1
4,77 days,0.321,1,1,1,1,1,1,1,1,1,1,1
4,77 days,0.457,1,1,1,1,1,1,1,1,1,1,1
4,77 days,0.517,1,1,1,1,1,1,1,1,1,1,1
4,77 days,0.644,1,1,1,1,1,1,1,1,1,1,1
4,77 days,0.784,1,1,1,1,1,1,1,1,1,1,1
4,78 days,0.851,1,1,1,1,1,1,1,1,1,1,1
4,80 days,0.924,1,1,1,1,1,1,1,1,1,1,1
4,84 days,0.183,1,1,1,1,1,1,1,1,1,1,1
4,84 days,0.208,1,1,1,1,1,1,1,1,1,1,1
4,84 days,0.68,1,1,1,1,1,1,1,1,1,1,1
4,84 days,0.798,1,1,1,1,1,1,1,1,1,1,1
4,85 days,0.457,1,1,1,1,1,1,1,1,1,1,1
4,91 days,0.314,1,1,1,1,1,1,1,1,1,1,1
4,91 days,0.334,1,1,1,1,1,1,1,1,1,1,1
4,91 days,0.424,1,1,1,1,1,1,1,1,1,1,1
4,91 days,0.792,1,1,1,1,1,1,1,1,1,1,1
4,92 days,0.575,1,1,1,1,1,1,1,1,1,1,1
4,92 days,0.916,1,1,1,1,1,1,1,1,1,1,1
4,93 days,0.472,1,1,1,1,1,1,1,1,1,1,1
4,98 days,0.347,1,1,1,1,1,1,1,1,1,1,1
4,98 days,0.425,1,1,1,1,1,1,1,1,1,1,1
4,98 days,0.43,1,1,1,1,1,1,1,1,1,1,1
4,98 days,0.467,1,1,1,1,1,1,1,1,1,1,1
4,98 days,0.497,1,1,1,1,1,1,1,1,1,1,1
4,99 days,0.505,1,1,1,1,1,1,1,1,1,1,1
4,100 days,0.753,1,1,1,1,1,1,1,1,1,1,1
4,102 days,0.312,1,1,1,1,1,1,1,1,1,1,1
4,105 days,0.435,1,1,1,1,1,1,1,1,1,1,1
4,105 days,0.553,1,1,1,1,1,1,1,1,1,1,1
4,105 days,0.563,1,1,1,1,1,1,1,1,1,1,1
4,105 days,0.905,1,1,1,1,1,1,1,1,1,1,1
4,106 days,0.402,1,1,1,1,1,1,1,1,1,1,1
4,106 days,0.616,1,1,1,1,1,1,1,1,1,1,1
4,112 days,0.808,1,1,1,1,1,1,1,1,1,1,1
4,112 days,0.958,1,1,1,1,1,1,1,1,1,1,1
4,113 days,0.735,1,1,1,1,1,1,1,1,1,1,1
4,117 days,0.432,1,1,1,1,1,1,1,1,1,1,1
4,119 days,0.553,1,1,1,1,1,1,1,1,1,1,1
4,119 days,0.695,1,1,1,1,1,1,1,1,1,1,1
4,119 days,0.801,1,1,1,1,1,1,1,1,1,1,1
4,120 days,0.601,1,1,1,1,1,1,1,1,1,1,1
4,126 days,0.322,1,1,1,1,1,1,1,1,1,1,1
4,126 days,0.529,1,1,1,1,1,1,1,1,1,1,1
4,127 days,0.513,1,1,1,1,1,1,1,1,1,1,1
4,132 days,0.73,1,1,1,1,1,1,1,1,1,1,1
4,133 days,0.543,1,1,1,1,1,1,1,1,1,1,1
4,134 days,0.779,1,1,1,1,1,1,1,1,1,1,1
4,139 days,0.348,1,1,1,1,1,1,1,1,1,1,1
4,140 days,0.872,1,1,1,1,1,1,1,1,1,1,1
4,141 days,0.527,1,1,1,1,1,1,1,1,1,1,1
4,147 days,0.54,1,1,1,1,1,1,1,1,1,1,1
4,154 days,0.732,1,1,1,1,1,1,1,1,1,1,1
4,157 days,0.422,1,1,1,1,1,1,1,1,1,1,1
4,168 days,0.884,1,1,1,1,1,1,1,1,1,1,1
4,170 days,0.235,1,1,1,1,1,1,1,1,1,1,1
4,175 days,0.27,1,1,1,1,1,1,1,1,1,1,1
4,176 days,0.66,1,1,1,1,1,1,1,1,1,1,1
4,181 days,0.915,1,1,1,1,1,1,1,1,1,1,1
4,189 days,0.0823,1,1,1,1,1,1,1,1,1,1,1
4,189 days,0.151,1,1,1,1,1,1,1,1,1,1,1
4,189 days,0.429,1,1,1,1,1,1,1,1,1,1,1
4,189 days,0.828,1,1,1,1,1,1,1,1,1,1,1
4,190 days,0.604,1,1,1,1,1,1,1,1,1,1,1
4,196 days,0.639,2,2,2,2,2,2,2,2,2,2,2
4,196 days,0.75,1,1,1,1,1,1,1,1,1,1,1
4,199 days,0.33,1,1,1,1,1,1,1,1,1,1,1
4,200 days,0.367,1,1,1,1,1,1,1,1,1,1,1
4,203 days,0.436,1,1,1,1,1,1,1,1,1,1,1
4,210 days,0.0605,1,1,1,1,1,1,1,1,1,1,1
4,217 days,0.244,1,1,1,1,1,1,1,1,1,1,1
4,217 days,0.952,1,1,1,1,1,1,1,1,1,1,1
4,224 days,0.685,1,1,1,1,1,1,1,1,1,1,1
4,225 days,0.915,1,1,1,1,1,1,1,1,1,1,1
4,231 days,0.446,1,1,1,1,1,1,1,1,1,1,1
4,238 days,0.557,1,1,1,1,1,1,1,1,1,1,1
4,238 days,0.605,1,1,1,1,1,1,1,1,1,1,1
4,246 days,0.664,1,1,1,1,1,1,1,1,1,1,1
4,259 days,0.62,1,1,1,1,1,1,1,1,1,1,1
4,259 days,0.808,1,1,1,1,1,1,1,1,1,1,1
4,322 days,0.798,1,1,1,1,1,1,1,1,1,1,1
4,329 days,0.327,1,1,1,1,1,1,1,1,1,1,1
4,329 days,0.412,1,1,1,1,1,1,1,1,1,1,1
4,343 days,0.254,1,1,1,1,1,1,1,1,1,1,1
4,350 days,0.116,1,1,1,1,1,1,1,1,1,1,1
4,350 days,0.648,1,1,1,1,1,1,1,1,1,1,1
4,357 days,0.531,1,1,1,1,1,1,1,1,1,1,1
4,378 days,0.543,1,1,1,1,1,1,1,1,1,1,1
4,385 days,0.913,1,1,1,1,1,1,1,1,1,1,1
4,389 days,0.218,1,1,1,1,1,1,1,1,1,1,1
4,420 days,0.483,1,1,1,1,1,1,1,1,1,1,1
4,420 days,0.902,1,1,1,1,1,1,1,1,1,1,1
4,446 days,0.673,1,1,1,1,1,1,1,1,1,1,1
4,462 days,0.323,1,1,1,1,1,1,1,1,1,1,1
4,463 days,0.189,1,1,1,1,1,1,1,1,1,1,1
4,476 days,0.284,1,1,1,1,1,1,1,1,1,1,1
4,476 days,0.641,1,1,1,1,1,1,1,1,1,1,1
4,504 days,0.671,1,1,1,1,1,1,1,1,1,1,1
4,511 days,0.64,1,1,1,1,1,1,1,1,1,1,1
4,525 days,0.595,1,1,1,1,1,1,1,1,1,1,1
4,550 days,0.0895,1,1,1,1,1,1,1,1,1,1,1
4,553 days,0.357,1,1,1,1,1,1,1,1,1,1,1
4,553 days,0.578,1,1,1,1,1,1,1,1,1,1,1
4,560 days,0.681,1,1,1,1,1,1,1,1,1,1,1
4,589 days,0.419,1,1,1,1,1,1,1,1,1,1,1
4,616 days,0.129,1,1,1,1,1,1,1,1,1,1,1
4,616 days,0.341,1,1,1,1,1,1,1,1,1,1,1
4,623 days,0.603,1,1,1,1,1,1,1,1,1,1,1
4,637 days,0.446,1,1,1,1,1,1,1,1,1,1,1
4,637 days,0.592,1,1,1,1,1,1,1,1,1,1,1
4,644 days,0.939,1,1,1,1,1,1,1,1,1,1,1
4,721 days,0.394,1,1,1,1,1,1,1,1,1,1,1
4,736 days,0.12,1,1,1,1,1,1,1,1,1,1,1
4,763 days,0.52,1,1,1,1,1,1,1,1,1,1,1
4,764 days,0.266,1,1,1,1,1,1,1,1,1,1,1
4,767 days,0.827,1,1,1,1,1,1,1,1,1,1,1
4,788 days,0.203,1,1,1,1,1,1,1,1,1,1,1
4,798 days,0.225,1,1,1,1,1,1,1,1,1,1,1
4,840 days,0.473,1,1,1,1,1,1,1,1,1,1,1
4,840 days,0.711,1,1,1,1,1,1,1,1,1,1,1
4,924 days,0.288,1,1,1,1,1,1,1,1,1,1,1
4,931 days,0.401,1,1,1,1,1,1,1,1,1,1,1
4,1036 days,0.931,1,1,1,1,1,1,1,1,1,1,1
4,1043 days,0.437,1,1,1,1,1,1,1,1,1,1,1
4,1057 days,0.225,1,1,1,1,1,1,1,1,1,1,1
4,1106 days,0.666,1,1,1,1,1,1,1,1,1,1,1
4,1183 days,0.446,1,1,1,1,1,1,1,1,1,1,1
4,1246 days,0.168,1,1,1,1,1,1,1,1,1,1,1
4,1246 days,0.484,1,1,1,1,1,1,1,1,1,1,1
4,1253 days,0.661,1,1,1,1,1,1,1,1,1,1,1
4,1260 days,0.689,1,1,1,1,1,1,1,1,1,1,1
4,1324 days,0.448,1,1,1,1,1,1,1,1,1,1,1
4,1330 days,0.589,1,1,1,1,1,1,1,1,1,1,1
4,1540 days,0.486,1,1,1,1,1,1,1,1,1,1,1
4,1547 days,0.225,1,1,1,1,1,1,1,1,1,1,1
4,1575 days,0.494,1,1,1,1,1,1,1,1,1,1,1
4,1778 days,0.518,1,1,1,1,1,1,1,1,1,1,1
4,1813 days,0.785,1,1,1,1,1,1,1,1,1,1,1
4,1855 days,0.37,1,1,1,1,1,1,1,1,1,1,1
4,1932 days,0.337,1,1,1,1,1,1,1,1,1,1,1
4,1995 days,0.137,1,1,1,1,1,1,1,1,1,1,1
4,2121 days,0.648,1,1,1,1,1,1,1,1,1,1,1
4,2227 days,0.323,1,1,1,1,1,1,1,1,1,1,1
4,2316 days,0.591,1,1,1,1,1,1,1,1,1,1,1
4,2355 days,0.463,1,1,1,1,1,1,1,1,1,1,1
4,2435 days,0.201,1,1,1,1,1,1,1,1,1,1,1
4,2440 days,0.286,1,1,1,1,1,1,1,1,1,1,1
4,2713 days,0.405,1,1,1,1,1,1,1,1,1,1,1
4,2713 days,0.8,1,1,1,1,1,1,1,1,1,1,1
4,2730 days,0.331,1,1,1,1,1,1,1,1,1,1,1
4,2767 days,0.654,1,1,1,1,1,1,1,1,1,1,1
4,2849 days,0.398,1,1,1,1,1,1,1,1,1,1,1
4,2982 days,0.888,1,1,1,1,1,1,1,1,1,1,1
4,3066 days,0.387,1,1,1,1,1,1,1,1,1,1,1
4,3076 days,0.643,1,1,1,1,1,1,1,1,1,1,1
4,3125 days,0.847,1,1,1,1,1,1,1,1,1,1,1
4,3437 days,0.796,1,1,1,1,1,1,1,1,1,1,1
4,3867 days,0.065,1,1,1,1,1,1,1,1,1,1,1
4,4553 days,0.49,1,1,1,1,1,1,1,1,1,1,1
4,5184 days,0.758,1,1,1,1,1,1,1,1,1,1,1
4,5423 days,0.868,1,1,1,1,1,1,1,1,1,1,1
4,5883 days,0.619,1,1,1,1,1,1,1,1,1,1,1
4,7297 days,0.4,1,1,1,1,1,1,1,1,1,1,1
4,7613 days,0.285,1,1,1,1,1,1,1,1,1,1,1
4,7682 days,0.76,1,1,1,1,1,1,1,1,1,1,1
4,13061 days,0.876,1,1,1,1,1,1,1,1,1,1,1
4,13811 days,0.74,1,1,1,1,1,1,1,1,1,1,1
4,14421 days,0.514,1,1,1,1,1,1,1,1,1,1,1
4,15078 days,0.423,1,1,1,1,1,1,1,1,1,1,1
4,15960 days,0.789,1,1,1,1,1,1,1,1,1,1,1
