Pop,DaystoTop,Valence,Highest_Charting_Position,Number_of_Times_Charted,HighestPos
0,13 days,0.631,96,4,1
0,35 days,0.804,68,6,1
0,62 days,0.518,15,7,0
0,91 days,0.489,39,6,1
0,129 days,0.842,110,10,1
0,140 days,0.29,5,21,0
0,154 days,0.341,158,1,1
0,167 days,0.654,73,11,1
0,213 days,0.707,40,25,1
0,217 days,0.273,18,18,0
0,217 days,0.584,6,26,0
0,222 days,0.766,108,4,1
0,224 days,0.545,111,1,1
0,224 days,0.799,133,1,1
0,224 days,0.838,3,33,0
0,224 days,0.949,65,4,1
0,224 days,0.961,59,4,1
0,224 days,0.971,149,1,1
0,266 days,0.716,2,31,0
0,308 days,0.132,12,21,0
0,329 days,0.263,56,7,1
0,342 days,0.522,14,32,0
0,403 days,0.578,189,1,1
0,465 days,0.542,56,21,1
0,469 days,0.744,70,14,1
0,476 days,0.4,32,3,1
0,488 days,0.663,191,2,1
0,497 days,0.468,76,3,1
0,497 days,0.679,2,83,0
0,500 days,0.421,14,37,0
0,511 days,0.597,192,1,1
0,520 days,0.784,13,14,0
0,539 days,0.16,101,22,1
0,546 days,0.281,74,22,1
0,553 days,0.194,42,60,1
0,553 days,0.245,128,1,1
0,557 days,0.433,80,4,1
0,560 days,0.12,148,6,1
0,560 days,0.205,91,10,1
0,560 days,0.284,167,4,1
0,560 days,0.562,13,83,0
0,574 days,0.55,56,5,1
0,584 days,0.896,86,9,1
0,587 days,0.656,105,7,1
0,588 days,0.243,10,69,0
1,21 days,0.546,121,8,1
1,56 days,0.58,183,1,1
1,2208 days,0.72,180,1,1
1,23126 days,0.341,157,1,1
1,23126 days,0.951,159,1,1
2,0 days,0.59,40,14,1
2,1 days,0.314,91,2,1
2,6 days,0.905,126,2,1
2,7 days,0.036,113,1,1
2,7 days,0.0546,62,1,1
2,7 days,0.0676,143,1,1
2,7 days,0.0903,75,1,1
2,7 days,0.113,180,2,2
2,7 days,0.153,166,1,1
2,7 days,0.158,198,1,1
2,7 days,0.184,77,1,1
2,7 days,0.207,177,1,1
2,7 days,0.21,106,1,1
2,7 days,0.228,139,1,1
2,7 days,0.236,57,1,1
2,7 days,0.246,160,1,1
2,7 days,0.267,152,1,1
2,7 days,0.276,60,1,1
2,7 days,0.279,141,1,1
2,7 days,0.295,193,1,1
2,7 days,0.303,52,2,1
2,7 days,0.306,73,1,1
2,7 days,0.31,166,1,1
2,7 days,0.313,92,1,1
2,7 days,0.314,188,1,1
2,7 days,0.317,115,1,1
2,7 days,0.321,70,2,1
2,7 days,0.323,74,1,1
2,7 days,0.328,111,1,1
2,7 days,0.332,129,1,1
2,7 days,0.34,158,1,1
2,7 days,0.342,139,1,1
2,7 days,0.343,159,1,1
2,7 days,0.35,149,1,1
2,7 days,0.354,139,2,1
2,7 days,0.356,83,1,1
2,7 days,0.364,131,1,1
2,7 days,0.374,70,1,1
2,7 days,0.38,87,1,1
2,7 days,0.388,106,1,1
2,7 days,0.392,161,1,1
2,7 days,0.42,183,1,1
2,7 days,0.422,80,1,1
2,7 days,0.436,192,1,1
2,7 days,0.449,116,1,1
2,7 days,0.457,135,1,1
2,7 days,0.465,90,1,1
2,7 days,0.47,83,1,1
2,7 days,0.471,140,1,1
2,7 days,0.475,161,1,1
2,7 days,0.488,187,1,1
2,7 days,0.493,175,1,1
2,7 days,0.494,138,1,1
2,7 days,0.505,89,1,1
2,7 days,0.516,126,1,1
2,7 days,0.519,112,1,1
2,7 days,0.521,132,1,1
2,7 days,0.526,68,1,1
2,7 days,0.534,196,1,1
2,7 days,0.542,157,1,1
2,7 days,0.544,78,1,1
2,7 days,0.547,171,1,1
2,7 days,0.549,122,1,1
2,7 days,0.574,93,1,1
2,7 days,0.58,78,1,1
2,7 days,0.589,139,1,1
2,7 days,0.597,86,1,1
2,7 days,0.608,102,1,1
2,7 days,0.62,119,1,1
2,7 days,0.623,156,1,1
2,7 days,0.626,153,1,1
2,7 days,0.634,141,1,1
2,7 days,0.658,149,1,1
2,7 days,0.659,158,1,1
2,7 days,0.667,105,1,1
2,7 days,0.674,114,1,1
2,7 days,0.679,196,1,1
2,7 days,0.7,287,6,2
2,7 days,0.704,151,1,1
2,7 days,0.706,153,1,1
2,7 days,0.715,67,1,1
2,7 days,0.749,184,1,1
2,7 days,0.751,164,1,1
2,7 days,0.76,102,1,1
2,7 days,0.769,117,1,1
2,7 days,0.798,197,1,1
2,7 days,0.829,113,1,1
2,7 days,0.842,195,1,1
2,7 days,0.864,180,1,1
2,7 days,0.871,107,1,1
2,7 days,0.886,147,1,1
2,7 days,0.897,180,1,1
2,7 days,0.914,100,1,1
2,7 days,0.962,171,1,1
2,7 days,0.977,85,1,1
2,8 days,0.254,183,1,1
2,8 days,0.259,127,1,1
2,8 days,0.284,87,1,1
2,8 days,0.285,150,1,1
2,8 days,0.371,123,1,1
2,8 days,0.386,183,1,1
2,8 days,0.396,159,1,1
2,8 days,0.404,122,1,1
2,8 days,0.45,128,1,1
2,8 days,0.481,169,1,1
2,8 days,0.486,129,1,1
2,8 days,0.491,164,1,1
2,8 days,0.564,147,1,1
2,8 days,0.58,127,1,1
2,8 days,0.604,184,1,1
2,8 days,0.609,104,1,1
2,8 days,0.653,122,1,1
2,8 days,0.678,66,1,1
2,8 days,0.717,180,1,1
2,9 days,0.488,69,2,1
2,9 days,0.537,136,1,1
2,11 days,0.227,183,1,1
2,11 days,0.418,151,1,1
2,12 days,0.42,180,1,1
2,14 days,0.283,129,4,1
2,14 days,0.298,113,4,1
2,18 days,0.212,140,1,1
2,20 days,0.577,145,1,1
2,21 days,0.212,50,6,1
2,21 days,0.302,162,1,1
2,21 days,0.809,174,1,1
2,21 days,0.849,160,1,1
2,34 days,0.182,144,1,1
2,35 days,0.781,192,2,1
2,49 days,0.529,86,1,1
2,56 days,0.232,186,1,1
2,56 days,0.704,150,1,1
2,56 days,0.777,197,1,1
2,63 days,0.32,174,1,1
2,70 days,0.724,105,9,1
2,71 days,0.382,102,1,1
2,91 days,0.443,155,1,1
2,98 days,0.497,125,2,1
2,100 days,0.881,198,1,1
2,105 days,0.963,154,4,1
2,111 days,0.584,183,1,1
2,112 days,0.231,59,6,1
2,210 days,0.737,187,1,1
2,298 days,0.271,46,2,1
2,385 days,0.437,181,1,1
2,413 days,0.61,92,2,1
2,771 days,0.56,182,1,1
2,785 days,0.724,85,1,1
2,1115 days,0.366,167,1,1
2,1176 days,0.912,104,1,1
2,1470 days,0.224,74,3,1
2,1519 days,0.684,89,3,1
2,2177 days,0.289,152,1,1
2,2212 days,0.344,83,3,1
2,2268 days,0.558,119,1,1
2,2580 days,0.754,147,1,1
2,2614 days,0.689,9,7,0
2,2968 days,0.363,6,7,0
2,2968 days,0.396,117,1,1
2,2968 days,0.699,21,6,1
2,3646 days,0.854,15,6,0
2,3678 days,0.443,52,5,1
2,3734 days,0.414,24,5,1
2,5472 days,0.412,161,1,1
2,6203 days,0.349,17,6,0
2,6667 days,0.963,14,6,0
2,6933 days,0.49,126,1,1
2,7346 days,0.702,86,2,1
2,7798 days,0.718,60,5,1
2,8092 days,0.756,184,1,1
2,9544 days,0.836,19,6,0
2,9855 days,0.466,192,1,1
2,10623 days,0.96,38,5,1
2,11224 days,0.677,175,1,1
2,11316 days,0.8,127,1,1
2,11799 days,0.428,47,5,1
2,13569 days,0.84,71,3,1
2,14603 days,0.407,145,1,1
2,14812 days,0.771,83,2,1
2,14833 days,0.771,23,4,1
2,17248 days,0.819,66,4,1
2,18334 days,0.614,123,1,1
2,20447 days,0.888,42,5,1
2,20521 days,0.898,5,7,0
2,20851 days,0.776,8,7,0
2,21178 days,0.36,69,6,1
2,21178 days,0.853,16,6,0
2,21543 days,0.209,32,5,1
2,22639 days,0.537,144,1,1
2,22639 days,0.701,11,6,0
2,22639 days,0.857,156,1,1
2,23034 days,0.806,7,7,0
2,23082 days,0.58,62,4,1
2,28848 days,0.247,39,5,1
3,0 days,0.311,140,1,1
3,0 days,0.575,180,2,1
3,0 days,0.874,7,1,0
3,1 days,0.237,112,2,1
3,1 days,0.315,110,2,1
3,1 days,0.547,184,1,1
3,5 days,0.317,56,3,1
3,5 days,0.489,49,1,1
3,5 days,0.495,59,3,1
3,5 days,0.586,116,1,1
3,5 days,0.588,48,6,1
3,5 days,0.675,131,1,1
3,5 days,0.697,47,8,1
3,5 days,0.712,60,5,1
3,5 days,0.835,26,35,1
3,5 days,0.843,82,2,1
3,5 days,0.92,83,1,1
3,6 days,0.0363,71,3,1
3,6 days,0.184,45,4,1
3,6 days,0.446,57,3,1
3,6 days,0.46,65,5,1
3,6 days,0.514,70,3,1
3,6 days,0.528,99,2,1
3,6 days,0.542,63,4,1
3,6 days,0.543,69,3,1
3,6 days,0.586,14,17,0
3,6 days,0.634,66,3,1
3,6 days,0.658,104,2,1
3,6 days,0.662,44,5,1
3,6 days,0.742,29,6,1
3,6 days,0.81,60,3,1
3,6 days,0.879,55,4,1
3,6 days,0.968,129,4,1
3,7 days,0.0376,97,1,1
3,7 days,0.0397,23,21,1
3,7 days,0.0495,73,1,1
3,7 days,0.0508,66,1,1
3,7 days,0.0599,21,2,1
3,7 days,0.0611,90,2,1
3,7 days,0.0642,97,1,1
3,7 days,0.0657,190,1,1
3,7 days,0.0663,104,1,1
3,7 days,0.0687,70,1,1
3,7 days,0.0786,185,1,1
3,7 days,0.0807,49,4,1
3,7 days,0.0818,113,2,1
3,7 days,0.0916,38,2,1
3,7 days,0.104,15,3,0
3,7 days,0.108,24,3,1
3,7 days,0.109,93,9,1
3,7 days,0.111,10,4,0
3,7 days,0.112,98,1,1
3,7 days,0.113,33,2,1
3,7 days,0.114,16,7,0
3,7 days,0.118,52,4,1
3,7 days,0.12,45,8,1
3,7 days,0.128,36,2,1
3,7 days,0.13,195,1,1
3,7 days,0.141,160,2,2
3,7 days,0.142,85,1,1
3,7 days,0.143,108,3,1
3,7 days,0.147,45,2,1
3,7 days,0.148,122,5,2
3,7 days,0.149,52,7,1
3,7 days,0.152,4,9,0
3,7 days,0.153,153,8,2
3,7 days,0.157,36,2,1
3,7 days,0.158,206,4,2
3,7 days,0.161,69,22,1
3,7 days,0.167,44,2,1
3,7 days,0.168,37,2,1
3,7 days,0.172,5,7,0
3,7 days,0.176,179,1,1
3,7 days,0.177,8,8,0
3,7 days,0.185,150,1,1
3,7 days,0.187,86,6,1
3,7 days,0.19,75,1,1
3,7 days,0.192,177,1,1
3,7 days,0.194,29,2,1
3,7 days,0.195,105,23,3
3,7 days,0.196,94,3,2
3,7 days,0.198,27,4,1
3,7 days,0.202,53,2,1
3,7 days,0.203,18,2,0
3,7 days,0.207,10,4,0
3,7 days,0.211,28,1,1
3,7 days,0.22,49,4,1
3,7 days,0.221,74,5,2
3,7 days,0.223,55,1,1
3,7 days,0.224,48,1,1
3,7 days,0.226,28,2,1
3,7 days,0.227,30,1,1
3,7 days,0.231,261,20,3
3,7 days,0.234,24,3,1
3,7 days,0.235,36,2,1
3,7 days,0.239,236,2,2
3,7 days,0.241,162,7,1
3,7 days,0.243,65,4,2
3,7 days,0.248,179,1,1
3,7 days,0.249,138,1,1
3,7 days,0.252,101,27,1
3,7 days,0.259,14,26,0
3,7 days,0.26,238,3,2
3,7 days,0.262,126,1,1
3,7 days,0.268,190,1,1
3,7 days,0.271,143,1,1
3,7 days,0.272,114,1,1
3,7 days,0.273,66,11,1
3,7 days,0.274,49,2,1
3,7 days,0.278,57,3,1
3,7 days,0.28,163,28,1
3,7 days,0.281,68,1,1
3,7 days,0.286,27,33,0
3,7 days,0.287,57,1,1
3,7 days,0.289,80,1,1
3,7 days,0.292,39,1,1
3,7 days,0.294,48,1,1
3,7 days,0.295,43,2,1
3,7 days,0.298,46,2,1
3,7 days,0.303,130,1,1
3,7 days,0.305,89,2,1
3,7 days,0.307,30,9,1
3,7 days,0.312,74,1,1
3,7 days,0.316,55,1,1
3,7 days,0.318,63,1,1
3,7 days,0.319,97,3,2
3,7 days,0.32,53,8,1
3,7 days,0.321,119,1,1
3,7 days,0.322,38,2,1
3,7 days,0.323,53,1,1
3,7 days,0.324,43,41,1
3,7 days,0.328,50,5,1
3,7 days,0.332,79,1,1
3,7 days,0.333,78,9,2
3,7 days,0.336,69,1,1
3,7 days,0.338,84,1,1
3,7 days,0.339,189,3,2
3,7 days,0.341,92,4,2
3,7 days,0.344,363,2,2
3,7 days,0.348,22,2,1
3,7 days,0.351,171,4,2
3,7 days,0.353,70,4,1
3,7 days,0.354,38,1,1
3,7 days,0.357,175,1,1
3,7 days,0.36,43,12,1
3,7 days,0.361,165,1,1
3,7 days,0.364,65,5,1
3,7 days,0.366,102,1,1
3,7 days,0.367,168,1,1
3,7 days,0.37,28,3,1
3,7 days,0.372,137,3,2
3,7 days,0.373,170,1,1
3,7 days,0.374,60,1,1
3,7 days,0.375,41,1,1
3,7 days,0.377,130,3,1
3,7 days,0.379,99,9,1
3,7 days,0.381,66,2,1
3,7 days,0.382,97,4,1
3,7 days,0.386,34,3,1
3,7 days,0.387,95,1,1
3,7 days,0.388,168,1,1
3,7 days,0.389,57,8,2
3,7 days,0.39,168,3,2
3,7 days,0.391,131,1,1
3,7 days,0.392,42,5,1
3,7 days,0.393,85,24,2
3,7 days,0.394,35,6,1
3,7 days,0.403,11,5,0
3,7 days,0.404,25,1,1
3,7 days,0.405,192,1,1
3,7 days,0.409,49,2,1
3,7 days,0.41,95,1,1
3,7 days,0.412,39,10,1
3,7 days,0.414,158,1,1
3,7 days,0.415,39,11,1
3,7 days,0.416,147,1,1
3,7 days,0.418,75,6,1
3,7 days,0.419,124,3,1
3,7 days,0.429,241,3,2
3,7 days,0.43,54,1,1
3,7 days,0.431,138,5,1
3,7 days,0.432,58,1,1
3,7 days,0.433,80,5,2
3,7 days,0.434,51,1,1
3,7 days,0.436,114,1,1
3,7 days,0.437,109,1,1
3,7 days,0.438,22,6,1
3,7 days,0.439,202,2,2
3,7 days,0.44,51,3,1
3,7 days,0.441,113,7,2
3,7 days,0.448,101,16,1
3,7 days,0.45,79,46,1
3,7 days,0.455,53,4,1
3,7 days,0.456,71,6,2
3,7 days,0.459,195,1,1
3,7 days,0.46,193,5,2
3,7 days,0.461,100,1,1
3,7 days,0.463,163,1,1
3,7 days,0.464,50,7,2
3,7 days,0.467,101,66,1
3,7 days,0.468,176,1,1
3,7 days,0.472,156,2,2
3,7 days,0.473,267,3,3
3,7 days,0.474,97,5,2
3,7 days,0.476,377,3,3
3,7 days,0.478,58,1,1
3,7 days,0.481,471,3,3
3,7 days,0.484,26,2,1
3,7 days,0.485,54,1,1
3,7 days,0.486,43,2,1
3,7 days,0.487,47,1,1
3,7 days,0.488,51,4,1
3,7 days,0.49,21,15,1
3,7 days,0.493,196,7,1
3,7 days,0.494,88,31,1
3,7 days,0.495,121,1,1
3,7 days,0.497,168,1,1
3,7 days,0.5,51,1,1
3,7 days,0.502,120,4,2
3,7 days,0.504,16,7,0
3,7 days,0.505,269,2,2
3,7 days,0.506,261,5,3
3,7 days,0.507,32,23,1
3,7 days,0.508,184,3,2
3,7 days,0.509,75,5,2
3,7 days,0.51,110,14,2
3,7 days,0.511,110,2,2
3,7 days,0.512,181,1,1
3,7 days,0.515,44,2,1
3,7 days,0.516,99,3,2
3,7 days,0.518,108,1,1
3,7 days,0.52,303,2,2
3,7 days,0.522,59,3,1
3,7 days,0.524,120,1,1
3,7 days,0.529,3,19,0
3,7 days,0.532,27,3,1
3,7 days,0.534,169,2,1
3,7 days,0.535,172,6,2
3,7 days,0.536,248,3,2
3,7 days,0.541,147,1,1
3,7 days,0.547,14,6,0
3,7 days,0.548,123,1,1
3,7 days,0.549,7,23,0
3,7 days,0.551,72,16,1
3,7 days,0.553,65,1,1
3,7 days,0.554,53,1,1
3,7 days,0.555,132,1,1
3,7 days,0.557,193,4,3
3,7 days,0.558,176,1,1
3,7 days,0.562,68,1,1
3,7 days,0.565,97,1,1
3,7 days,0.568,36,2,1
3,7 days,0.57,86,15,2
3,7 days,0.571,116,8,1
3,7 days,0.573,77,17,2
3,7 days,0.579,185,1,1
3,7 days,0.58,64,2,1
3,7 days,0.581,90,1,1
3,7 days,0.582,140,3,1
3,7 days,0.586,169,4,2
3,7 days,0.587,193,1,1
3,7 days,0.588,127,5,2
3,7 days,0.589,181,1,1
3,7 days,0.591,194,3,1
3,7 days,0.595,63,35,1
3,7 days,0.596,75,1,1
3,7 days,0.597,223,4,2
3,7 days,0.598,136,1,1
3,7 days,0.599,199,3,2
3,7 days,0.601,71,1,1
3,7 days,0.602,61,3,1
3,7 days,0.612,280,2,2
3,7 days,0.613,145,1,1
3,7 days,0.617,86,8,1
3,7 days,0.618,370,3,3
3,7 days,0.62,105,3,2
3,7 days,0.627,55,4,1
3,7 days,0.63,64,1,1
3,7 days,0.631,12,9,0
3,7 days,0.634,64,2,1
3,7 days,0.638,171,1,1
3,7 days,0.64,248,2,2
3,7 days,0.642,61,2,1
3,7 days,0.645,128,1,1
3,7 days,0.646,1,55,0
3,7 days,0.647,14,12,0
3,7 days,0.648,74,1,1
3,7 days,0.65,101,1,1
3,7 days,0.653,224,5,2
3,7 days,0.654,79,2,1
3,7 days,0.656,69,2,1
3,7 days,0.658,163,8,2
3,7 days,0.66,105,1,1
3,7 days,0.661,14,5,0
3,7 days,0.664,58,2,1
3,7 days,0.67,223,11,3
3,7 days,0.671,15,3,0
3,7 days,0.673,153,3,2
3,7 days,0.674,190,5,1
3,7 days,0.677,17,3,0
3,7 days,0.678,191,1,1
3,7 days,0.679,24,5,1
3,7 days,0.683,150,3,2
3,7 days,0.687,128,1,1
3,7 days,0.691,134,16,2
3,7 days,0.692,97,2,2
3,7 days,0.699,35,5,1
3,7 days,0.7,32,5,1
3,7 days,0.701,282,2,2
3,7 days,0.704,25,6,1
3,7 days,0.706,8,5,0
3,7 days,0.71,57,2,1
3,7 days,0.711,69,4,1
3,7 days,0.713,46,5,1
3,7 days,0.714,20,5,0
3,7 days,0.716,136,3,2
3,7 days,0.729,108,3,2
3,7 days,0.731,126,13,2
3,7 days,0.745,63,1,1
3,7 days,0.746,200,35,1
3,7 days,0.749,187,1,1
3,7 days,0.75,285,6,4
3,7 days,0.756,120,1,1
3,7 days,0.758,78,1,1
3,7 days,0.763,68,1,1
3,7 days,0.766,124,1,1
3,7 days,0.767,61,1,1
3,7 days,0.77,93,2,1
3,7 days,0.776,72,8,1
3,7 days,0.792,61,1,1
3,7 days,0.793,121,1,1
3,7 days,0.797,93,1,1
3,7 days,0.802,109,5,1
3,7 days,0.807,38,7,1
3,7 days,0.815,46,1,1
3,7 days,0.82,107,1,1
3,7 days,0.823,134,6,1
3,7 days,0.845,187,1,1
3,7 days,0.848,170,1,1
3,7 days,0.854,118,1,1
3,7 days,0.859,166,1,1
3,7 days,0.86,47,2,1
3,7 days,0.873,139,1,1
3,7 days,0.874,166,1,1
3,7 days,0.883,72,1,1
3,7 days,0.892,15,8,0
3,7 days,0.92,70,1,1
3,7 days,0.96,79,1,1
3,7 days,0.966,102,1,1
3,8 days,0.032,19,3,0
3,8 days,0.0503,77,2,1
3,8 days,0.0517,4,13,0
3,8 days,0.0743,58,4,1
3,8 days,0.132,167,1,1
3,8 days,0.152,27,8,1
3,8 days,0.161,171,1,1
3,8 days,0.196,180,1,1
3,8 days,0.229,22,18,1
3,8 days,0.232,169,1,1
3,8 days,0.246,175,1,1
3,8 days,0.247,74,1,1
3,8 days,0.272,167,1,1
3,8 days,0.277,152,1,1
3,8 days,0.311,86,1,1
3,8 days,0.346,40,4,1
3,8 days,0.363,185,1,1
3,8 days,0.369,87,1,1
3,8 days,0.377,101,1,1
3,8 days,0.381,106,4,1
3,8 days,0.393,163,1,1
3,8 days,0.405,75,5,1
3,8 days,0.429,113,1,1
3,8 days,0.443,56,2,1
3,8 days,0.445,89,1,1
3,8 days,0.451,200,1,1
3,8 days,0.467,46,2,1
3,8 days,0.485,15,21,0
3,8 days,0.495,167,1,1
3,8 days,0.512,146,1,1
3,8 days,0.524,142,4,1
3,8 days,0.528,153,2,1
3,8 days,0.536,199,1,1
3,8 days,0.551,353,2,2
3,8 days,0.556,42,17,1
3,8 days,0.56,219,4,2
3,8 days,0.609,17,15,0
3,8 days,0.629,76,3,1
3,8 days,0.65,61,39,1
3,8 days,0.711,128,3,1
3,8 days,0.717,82,2,1
3,8 days,0.725,139,1,1
3,8 days,0.726,167,2,1
3,8 days,0.727,90,1,1
3,8 days,0.745,112,1,1
3,8 days,0.763,199,1,1
3,8 days,0.77,30,9,1
3,8 days,0.775,62,17,1
3,8 days,0.784,5,11,0
3,8 days,0.8,103,1,1
3,8 days,0.806,189,1,1
3,8 days,0.809,144,1,1
3,8 days,0.818,134,1,1
3,8 days,0.916,88,1,1
3,8 days,0.925,99,3,1
3,8 days,0.961,26,20,1
3,9 days,0.199,233,4,2
3,9 days,0.227,82,1,1
3,9 days,0.244,141,1,1
3,9 days,0.285,170,1,1
3,9 days,0.383,85,8,1
3,9 days,0.384,153,1,1
3,9 days,0.455,128,3,1
3,9 days,0.523,92,3,1
3,9 days,0.594,62,4,1
3,9 days,0.636,13,21,0
3,9 days,0.697,74,1,1
3,9 days,0.709,81,3,1
3,9 days,0.767,188,1,1
3,10 days,0.13,169,1,1
3,10 days,0.235,134,1,1
3,10 days,0.33,73,6,1
3,10 days,0.381,57,3,1
3,10 days,0.427,151,5,1
3,10 days,0.455,137,2,1
3,10 days,0.508,36,21,1
3,10 days,0.754,157,1,1
3,11 days,0.151,134,1,1
3,11 days,0.198,145,5,1
3,11 days,0.351,164,1,1
3,11 days,0.405,227,8,2
3,11 days,0.56,91,3,1
3,11 days,0.562,67,5,1
3,11 days,0.64,86,5,1
3,11 days,0.769,68,8,1
3,11 days,0.804,74,5,1
3,11 days,0.866,63,6,1
3,11 days,0.867,66,10,1
3,12 days,0.382,197,1,1
3,13 days,0.556,194,11,2
3,13 days,0.582,128,2,1
3,13 days,0.761,5,21,0
3,13 days,0.824,7,19,0
3,14 days,0.149,132,1,1
3,14 days,0.284,109,9,1
3,14 days,0.34,55,4,1
3,14 days,0.35,79,13,1
3,14 days,0.425,157,1,1
3,14 days,0.452,22,32,1
3,14 days,0.585,127,2,1
3,14 days,0.634,56,4,1
3,14 days,0.635,112,10,1
3,14 days,0.656,92,10,1
3,14 days,0.703,94,1,1
3,14 days,0.732,137,1,1
3,14 days,0.736,120,7,1
3,14 days,0.78,139,8,1
3,14 days,0.797,128,2,1
3,14 days,0.818,112,3,1
3,14 days,0.865,194,2,1
3,14 days,0.878,139,1,1
3,15 days,0.346,37,14,1
3,15 days,0.396,76,8,1
3,15 days,0.553,49,12,1
3,18 days,0.582,72,4,1
3,20 days,0.19,196,1,1
3,20 days,0.685,9,39,0
3,21 days,0.143,7,15,0
3,21 days,0.173,20,15,0
3,21 days,0.27,68,24,1
3,21 days,0.303,46,19,1
3,21 days,0.325,82,8,1
3,21 days,0.429,114,5,1
3,21 days,0.43,177,2,1
3,21 days,0.505,6,23,0
3,21 days,0.606,105,1,1
3,21 days,0.631,113,2,1
3,21 days,0.745,25,9,1
3,21 days,0.855,32,25,1
3,21 days,0.926,192,1,1
3,22 days,0.522,106,5,1
3,22 days,0.532,99,2,1
3,22 days,0.822,199,1,1
3,22 days,0.921,151,7,1
3,23 days,0.761,115,9,1
3,25 days,0.608,40,9,1
3,25 days,0.775,47,15,1
3,26 days,0.745,162,4,1
3,27 days,0.383,187,1,1
3,28 days,0.0927,5,31,0
3,28 days,0.359,58,10,1
3,28 days,0.474,103,4,1
3,28 days,0.49,19,9,0
3,28 days,0.694,105,6,1
3,28 days,0.697,81,16,1
3,28 days,0.7,99,5,1
3,28 days,0.721,139,9,1
3,28 days,0.802,119,11,1
3,28 days,0.835,163,40,2
3,28 days,0.91,5,19,0
3,29 days,0.296,32,10,1
3,29 days,0.823,29,32,1
3,30 days,0.835,15,24,0
3,30 days,0.907,121,7,1
3,30 days,0.919,44,20,1
3,32 days,0.62,85,12,1
3,34 days,0.805,89,9,1
3,35 days,0.306,7,16,0
3,35 days,0.351,152,13,1
3,35 days,0.374,107,2,1
3,35 days,0.383,15,24,0
3,35 days,0.522,60,17,1
3,35 days,0.635,53,5,1
3,35 days,0.678,117,1,1
3,35 days,0.837,2,46,0
3,35 days,0.874,5,53,0
3,35 days,0.933,190,1,1
3,36 days,0.246,181,4,1
3,36 days,0.503,21,35,1
3,36 days,0.608,174,4,1
3,36 days,0.645,50,22,1
3,39 days,0.95,25,26,1
3,41 days,0.453,18,34,0
3,41 days,0.836,71,13,1
3,42 days,0.271,85,2,1
3,42 days,0.273,23,20,1
3,42 days,0.386,158,5,1
3,42 days,0.408,182,2,1
3,42 days,0.456,176,3,1
3,42 days,0.479,67,2,1
3,42 days,0.515,111,11,1
3,42 days,0.574,176,1,1
3,42 days,0.601,174,2,1
3,42 days,0.72,37,25,1
3,42 days,0.735,83,11,1
3,42 days,0.898,189,1,1
3,42 days,0.924,155,4,1
3,42 days,0.962,113,7,1
3,43 days,0.388,145,7,1
3,44 days,0.605,156,1,1
3,44 days,0.965,45,18,1
3,45 days,0.411,144,4,1
3,46 days,0.431,164,11,1
3,46 days,0.707,103,4,1
3,49 days,0.0395,66,2,1
3,49 days,0.0763,140,1,1
3,49 days,0.415,8,5,0
3,49 days,0.523,169,2,1
3,49 days,0.587,140,5,1
3,49 days,0.608,80,18,1
3,49 days,0.613,177,3,1
3,49 days,0.68,16,20,0
3,49 days,0.806,126,9,1
3,49 days,0.835,15,32,0
3,49 days,0.962,197,1,1
3,51 days,0.422,199,1,1
3,55 days,0.609,2,52,0
3,56 days,0.245,49,23,1
3,56 days,0.274,102,3,1
3,56 days,0.336,69,7,1
3,56 days,0.429,138,2,1
3,56 days,0.616,174,3,1
3,56 days,0.625,90,4,1
3,56 days,0.662,122,9,1
3,56 days,0.676,21,30,1
3,56 days,0.799,82,12,1
3,56 days,0.896,71,12,1
3,57 days,0.669,83,3,1
3,57 days,0.698,22,32,1
3,57 days,0.729,99,2,1
3,58 days,0.714,37,12,1
3,58 days,0.791,37,31,1
3,59 days,0.629,9,28,0
3,62 days,0.857,132,9,1
3,63 days,0.35,26,27,1
3,63 days,0.459,133,8,1
3,63 days,0.564,68,13,1
3,63 days,0.672,36,22,1
3,63 days,0.715,46,14,1
3,63 days,0.726,131,3,1
3,63 days,0.776,117,16,1
3,63 days,0.865,105,14,1
3,63 days,0.913,186,1,1
3,64 days,0.24,160,3,1
3,64 days,0.698,17,31,0
3,70 days,0.225,10,22,0
3,70 days,0.322,86,19,1
3,70 days,0.379,129,1,1
3,70 days,0.511,29,28,1
3,70 days,0.545,117,7,1
3,70 days,0.662,53,12,1
3,70 days,0.683,150,2,1
3,70 days,0.803,179,3,1
3,70 days,0.876,78,11,1
3,70 days,0.946,82,11,1
3,72 days,0.432,86,8,1
3,72 days,0.963,24,25,1
3,73 days,0.963,110,12,1
3,74 days,0.764,190,3,1
3,76 days,0.443,199,1,1
3,76 days,0.698,42,24,1
3,77 days,0.233,79,11,1
3,77 days,0.349,8,68,0
3,77 days,0.453,42,30,1
3,77 days,0.708,60,10,1
3,77 days,0.712,163,4,1
3,77 days,0.725,81,3,1
3,77 days,0.758,91,10,1
3,77 days,0.937,68,18,1
3,78 days,0.574,3,66,0
3,78 days,0.678,54,29,1
3,78 days,0.781,33,30,1
3,79 days,0.237,195,1,1
3,79 days,0.499,137,1,1
3,80 days,0.171,181,1,1
3,83 days,0.667,11,37,0
3,84 days,0.503,177,7,1
3,84 days,0.582,82,18,1
3,84 days,0.615,141,13,1
3,84 days,0.677,90,10,1
3,84 days,0.714,196,1,1
3,84 days,0.884,37,31,1
3,84 days,0.961,171,2,1
3,85 days,0.907,97,9,1
3,86 days,0.66,135,15,1
3,88 days,0.866,190,1,1
3,91 days,0.344,4,38,0
3,91 days,0.461,84,15,1
3,91 days,0.706,170,5,1
3,91 days,0.904,82,10,1
3,96 days,0.274,31,20,1
3,98 days,0.343,29,30,1
3,98 days,0.392,111,3,1
3,98 days,0.554,173,5,1
3,98 days,0.623,22,29,1
3,98 days,0.724,128,9,1
3,98 days,0.89,35,27,1
3,99 days,0.498,59,1,1
3,99 days,0.854,107,14,1
3,104 days,0.247,78,2,1
3,104 days,0.331,86,5,1
3,105 days,0.151,51,5,1
3,105 days,0.198,189,2,1
3,105 days,0.428,19,28,0
3,105 days,0.505,42,12,1
3,105 days,0.58,58,19,1
3,105 days,0.64,86,12,1
3,105 days,0.786,13,38,0
3,106 days,0.498,46,9,1
3,106 days,0.526,15,25,0
3,106 days,0.554,104,9,1
3,106 days,0.615,32,36,1
3,112 days,0.266,142,3,1
3,112 days,0.475,134,5,1
3,112 days,0.488,126,5,1
3,112 days,0.517,131,6,1
3,112 days,0.664,123,8,1
3,112 days,0.777,133,28,2
3,112 days,0.836,23,30,1
3,113 days,0.774,45,20,1
3,119 days,0.388,74,31,1
3,119 days,0.43,77,14,1
3,119 days,0.724,54,14,1
3,121 days,0.804,77,14,1
3,126 days,0.163,54,22,1
3,126 days,0.226,56,30,1
3,126 days,0.272,138,3,1
3,126 days,0.432,105,7,1
3,126 days,0.533,150,13,1
3,126 days,0.542,65,12,1
3,126 days,0.721,181,3,1
3,127 days,0.437,134,1,1
3,128 days,0.652,106,6,1
3,133 days,0.581,37,35,1
3,133 days,0.593,74,18,1
3,134 days,0.623,61,12,1
3,134 days,0.708,152,3,1
3,134 days,0.788,33,24,1
3,134 days,0.907,191,1,1
3,140 days,0.571,53,5,1
3,140 days,0.831,100,11,1
3,141 days,0.579,95,7,1
3,147 days,0.131,192,1,1
3,147 days,0.637,157,7,1
3,147 days,0.695,123,6,1
3,147 days,0.863,3,83,0
3,147 days,0.94,97,11,1
3,154 days,0.423,163,5,1
3,154 days,0.831,161,7,1
3,155 days,0.69,137,13,1
3,161 days,0.0391,196,1,1
3,161 days,0.763,136,7,1
3,161 days,0.817,12,32,0
3,162 days,0.371,89,7,1
3,162 days,0.405,69,19,1
3,162 days,0.617,153,3,1
3,168 days,0.516,38,18,1
3,168 days,0.609,25,30,1
3,168 days,0.714,140,9,1
3,168 days,0.728,193,1,1
3,168 days,0.776,67,13,1
3,168 days,0.931,158,9,1
3,169 days,0.826,149,10,1
3,175 days,0.345,39,20,1
3,175 days,0.723,122,29,1
3,175 days,0.81,129,14,1
3,182 days,0.623,110,13,1
3,182 days,0.63,47,25,1
3,182 days,0.668,41,11,1
3,189 days,0.394,87,11,1
3,189 days,0.404,118,33,1
3,189 days,0.486,185,7,1
3,189 days,0.495,46,29,1
3,189 days,0.548,30,45,1
3,189 days,0.554,170,10,1
3,189 days,0.939,146,8,1
3,191 days,0.519,105,13,1
3,191 days,0.759,85,17,1
3,196 days,0.136,108,17,1
3,203 days,0.603,106,1,1
3,203 days,0.856,103,7,1
3,206 days,0.368,53,12,1
3,206 days,0.695,66,7,1
3,209 days,0.101,88,27,1
3,215 days,0.157,159,1,1
3,215 days,0.405,158,1,1
3,217 days,0.593,187,1,1
3,217 days,0.637,75,14,1
3,217 days,0.795,191,1,1
3,217 days,0.831,183,2,1
3,217 days,0.874,140,7,1
3,224 days,0.244,37,35,1
3,224 days,0.385,187,1,1
3,224 days,0.42,188,1,1
3,224 days,0.58,55,28,1
3,227 days,0.077,154,6,1
3,231 days,0.161,148,1,1
3,231 days,0.651,182,3,1
3,231 days,0.68,157,4,1
3,232 days,0.179,158,5,1
3,238 days,0.799,106,10,1
3,238 days,0.842,28,57,1
3,245 days,0.307,117,4,1
3,252 days,0.6,91,26,1
3,252 days,0.67,182,1,1
3,252 days,0.864,145,17,1
3,259 days,0.412,82,10,1
3,259 days,0.638,125,15,1
3,259 days,0.667,71,28,1
3,259 days,0.939,117,10,1
3,262 days,0.644,162,3,1
3,266 days,0.413,160,2,1
3,266 days,0.827,88,12,1
3,273 days,0.346,135,6,1
3,273 days,0.361,93,38,1
3,280 days,0.163,132,7,1
3,281 days,0.746,101,7,1
3,294 days,0.528,141,2,1
3,301 days,0.244,190,2,1
3,308 days,0.157,65,8,1
3,308 days,0.282,141,6,1
3,308 days,0.569,118,8,1
3,314 days,0.519,118,1,1
3,314 days,0.649,92,1,1
3,314 days,0.79,70,1,1
3,314 days,0.859,71,1,1
3,315 days,0.844,113,7,1
3,322 days,0.798,166,11,1
3,331 days,0.421,103,12,1
3,336 days,0.631,75,25,1
3,350 days,0.234,140,3,1
3,350 days,0.313,53,15,1
3,352 days,0.463,148,7,1
3,357 days,0.0809,5,12,0
3,364 days,0.347,105,26,1
3,386 days,0.265,42,12,1
3,392 days,0.652,123,26,1
3,399 days,0.463,197,1,1
3,406 days,0.544,191,4,1
3,420 days,0.229,29,15,1
3,422 days,0.129,103,12,1
3,455 days,0.156,112,5,1
3,455 days,0.632,192,3,1
3,455 days,0.645,196,1,1
3,455 days,0.761,133,3,1
3,455 days,0.893,100,15,1
3,467 days,0.694,13,44,0
3,476 days,0.316,151,1,1
3,477 days,0.533,80,57,1
3,479 days,0.877,156,13,1
3,518 days,0.641,91,12,1
3,547 days,0.319,124,20,1
3,560 days,0.381,126,4,1
3,567 days,0.448,94,18,1
3,588 days,0.124,131,21,1
3,614 days,0.616,113,5,1
3,637 days,0.0564,46,3,1
3,637 days,0.144,115,1,1
3,637 days,0.193,51,5,1
3,644 days,0.209,128,1,1
3,728 days,0.152,136,32,1
3,728 days,0.175,168,3,1
3,761 days,0.549,63,2,1
3,770 days,0.247,191,2,1
3,792 days,0.326,12,14,0
3,833 days,0.476,186,2,1
3,847 days,0.443,138,49,1
3,945 days,0.608,195,1,1
3,1136 days,0.72,146,1,1
3,1190 days,0.291,190,1,1
3,1323 days,0.326,98,8,1
3,1463 days,0.478,65,7,1
3,1512 days,0.478,117,8,1
3,1540 days,0.585,109,6,1
3,1750 days,0.446,26,27,1
3,1869 days,0.199,182,3,1
3,1995 days,0.406,167,2,1
3,1995 days,0.583,157,1,1
3,2223 days,0.591,3,7,0
3,2422 days,0.437,108,37,1
3,2509 days,0.51,122,37,1
3,2676 days,0.13,19,18,0
3,2732 days,0.477,147,24,1
3,2742 days,0.243,172,14,1
3,2782 days,0.131,76,16,1
3,2814 days,0.512,188,1,1
3,2860 days,0.354,140,4,1
3,3169 days,0.344,143,7,1
3,3287 days,0.609,148,7,1
3,3372 days,0.523,193,3,1
3,3567 days,0.294,197,1,1
3,3751 days,0.72,129,14,1
3,3867 days,0.434,133,20,1
3,4102 days,0.663,74,1,1
3,4264 days,0.194,150,5,1
3,4477 days,0.718,186,10,1
3,5057 days,0.673,68,1,1
3,5183 days,0.0612,129,3,1
3,6233 days,0.232,155,22,1
3,8386 days,0.74,139,1,1
3,9420 days,0.434,194,4,1
3,9546 days,0.434,193,1,1
3,9551 days,0.35,1,10,0
3,10900 days,0.72,128,30,1
3,13175 days,0.947,2,8,0
3,13467 days,0.828,120,3,1
3,14896 days,0.756,138,22,1
3,15029 days,0.601,138,13,1
3,15282 days,0.979,148,1,1
3,16114 days,0.228,81,81,1
4,0 days,0.808,33,24,1
4,6 days,0.304,63,24,1
4,6 days,0.887,52,11,1
4,7 days,0.0628,2,12,0
4,7 days,0.0753,61,7,1
4,7 days,0.0804,7,44,0
4,7 days,0.0849,7,10,0
4,7 days,0.0978,14,27,0
4,7 days,0.1,6,21,0
4,7 days,0.111,58,8,1
4,7 days,0.172,22,8,1
4,7 days,0.178,3,17,0
4,7 days,0.188,223,2,2
4,7 days,0.227,101,3,1
4,7 days,0.229,71,3,1
4,7 days,0.259,71,1,1
4,7 days,0.269,11,10,0
4,7 days,0.28,9,10,0
4,7 days,0.288,18,3,0
4,7 days,0.298,39,45,1
4,7 days,0.309,27,36,1
4,7 days,0.328,27,8,1
4,7 days,0.331,11,6,0
4,7 days,0.338,12,10,0
4,7 days,0.347,76,4,1
4,7 days,0.369,19,12,0
4,7 days,0.372,4,37,0
4,7 days,0.391,2,35,0
4,7 days,0.395,64,10,1
4,7 days,0.411,65,2,1
4,7 days,0.419,13,10,0
4,7 days,0.436,15,5,0
4,7 days,0.45,4,29,0
4,7 days,0.467,34,3,1
4,7 days,0.471,12,29,0
4,7 days,0.473,110,9,1
4,7 days,0.489,75,19,1
4,7 days,0.493,112,28,1
4,7 days,0.508,3,70,0
4,7 days,0.515,100,9,1
4,7 days,0.522,2,44,0
4,7 days,0.535,4,44,0
4,7 days,0.537,2,48,0
4,7 days,0.593,5,14,0
4,7 days,0.61,32,1,1
4,7 days,0.628,120,5,1
4,7 days,0.646,5,3,0
4,7 days,0.671,94,5,1
4,7 days,0.682,1,40,0
4,7 days,0.69,9,14,0
4,7 days,0.695,2,10,0
4,7 days,0.699,17,10,0
4,7 days,0.702,80,5,1
4,7 days,0.717,6,53,0
4,7 days,0.728,72,2,1
4,7 days,0.737,2,49,0
4,7 days,0.811,80,8,1
4,7 days,0.829,4,70,0
4,7 days,0.852,22,4,1
4,7 days,0.894,5,1,0
4,8 days,0.304,175,2,1
4,8 days,0.314,25,5,1
4,8 days,0.408,122,5,1
4,8 days,0.438,72,5,1
4,8 days,0.59,22,22,1
4,8 days,0.721,105,4,1
4,8 days,0.897,25,4,1
4,9 days,0.818,19,4,0
4,9 days,0.823,100,2,1
4,9 days,0.839,101,4,1
4,10 days,0.231,64,3,1
4,11 days,0.484,134,1,1
4,14 days,0.165,154,4,1
4,14 days,0.218,11,10,0
4,14 days,0.425,184,2,1
4,14 days,0.437,3,16,0
4,14 days,0.471,43,2,1
4,14 days,0.514,84,9,1
4,14 days,0.554,19,3,0
4,14 days,0.591,3,5,0
4,14 days,0.646,59,6,1
4,14 days,0.829,138,3,1
4,15 days,0.632,19,3,0
4,15 days,0.669,81,8,1
4,15 days,0.785,14,5,0
4,17 days,0.528,153,1,1
4,17 days,0.573,29,6,1
4,18 days,0.844,80,5,1
4,21 days,0.0592,5,142,0
4,21 days,0.399,110,1,1
4,21 days,0.44,3,8,0
4,21 days,0.464,1,19,0
4,21 days,0.478,2,3,0
4,21 days,0.569,15,83,0
4,21 days,0.646,33,6,1
4,21 days,0.784,39,3,1
4,21 days,0.934,121,5,1
4,22 days,0.141,152,2,1
4,22 days,0.203,175,4,1
4,22 days,0.631,69,3,1
4,22 days,0.73,17,12,0
4,22 days,0.789,48,3,1
4,28 days,0.393,10,49,0
4,28 days,0.474,72,10,1
4,28 days,0.664,17,24,0
4,28 days,0.808,10,15,0
4,28 days,0.866,20,11,0
4,28 days,0.891,46,7,1
4,29 days,0.473,87,10,1
4,35 days,0.194,20,7,0
4,35 days,0.262,184,1,1
4,35 days,0.269,193,1,1
4,35 days,0.412,5,31,0
4,35 days,0.619,22,5,1
4,35 days,0.881,97,3,1
4,36 days,0.342,2,10,0
4,36 days,0.442,27,3,1
4,41 days,0.734,138,4,1
4,42 days,0.145,1,39,0
4,42 days,0.202,4,24,0
4,42 days,0.261,85,5,1
4,42 days,0.357,1,51,0
4,42 days,0.688,1,11,0
4,42 days,0.719,5,21,0
4,42 days,0.721,34,21,1
4,42 days,0.742,3,16,0
4,42 days,0.768,9,9,0
4,42 days,0.786,108,6,1
4,43 days,0.476,116,3,1
4,44 days,0.758,1,18,0
4,44 days,0.884,169,2,1
4,44 days,0.926,103,5,1
4,49 days,0.443,33,18,1
4,49 days,0.593,2,34,0
4,49 days,0.637,52,9,1
4,50 days,0.705,83,2,1
4,56 days,0.335,79,11,1
4,56 days,0.819,14,25,0
4,56 days,0.837,19,26,0
4,56 days,0.843,183,1,1
4,57 days,0.813,59,11,1
4,57 days,0.821,109,3,1
4,58 days,0.638,72,2,1
4,58 days,0.962,23,19,1
4,59 days,0.191,60,8,1
4,59 days,0.835,154,1,1
4,59 days,0.907,57,5,1
4,59 days,0.964,131,3,1
4,63 days,0.137,1,29,0
4,63 days,0.269,12,37,0
4,63 days,0.397,73,34,1
4,63 days,0.618,42,20,1
4,63 days,0.744,200,1,1
4,64 days,0.682,5,32,0
4,64 days,0.761,1,55,0
4,70 days,0.471,2,48,0
4,70 days,0.642,1,78,0
4,70 days,0.906,34,29,1
4,71 days,0.439,31,19,1
4,71 days,0.479,46,10,1
4,71 days,0.822,103,5,1
4,76 days,0.407,56,13,1
4,77 days,0.321,127,2,1
4,77 days,0.457,41,39,1
4,77 days,0.517,26,26,1
4,77 days,0.644,12,11,0
4,77 days,0.784,28,23,1
4,78 days,0.851,74,8,1
4,80 days,0.924,75,10,1
4,84 days,0.183,22,83,1
4,84 days,0.208,4,10,0
4,84 days,0.68,19,38,0
4,84 days,0.798,55,17,1
4,85 days,0.457,2,61,0
4,91 days,0.314,59,18,1
4,91 days,0.334,1,83,0
4,91 days,0.424,135,4,1
4,91 days,0.792,95,13,1
4,92 days,0.575,21,29,1
4,92 days,0.916,41,13,1
4,93 days,0.472,3,28,0
4,98 days,0.347,7,56,0
4,98 days,0.425,31,34,1
4,98 days,0.43,44,44,1
4,98 days,0.467,7,34,0
4,98 days,0.497,1,67,0
4,99 days,0.505,7,24,0
4,100 days,0.753,30,37,1
4,102 days,0.312,36,26,1
4,105 days,0.435,25,39,1
4,105 days,0.553,2,23,0
4,105 days,0.563,96,10,1
4,105 days,0.905,11,55,0
4,106 days,0.402,45,29,1
4,106 days,0.616,13,15,0
4,112 days,0.808,32,28,1
4,112 days,0.958,8,10,0
4,113 days,0.735,183,4,1
4,117 days,0.432,31,12,1
4,119 days,0.553,6,84,0
4,119 days,0.695,55,13,1
4,119 days,0.801,15,23,0
4,120 days,0.601,52,4,1
4,126 days,0.322,77,34,1
4,126 days,0.529,27,45,1
4,127 days,0.513,1,83,0
4,132 days,0.73,61,17,1
4,133 days,0.543,6,47,0
4,134 days,0.779,6,60,0
4,139 days,0.348,4,76,0
4,140 days,0.872,128,7,1
4,141 days,0.527,149,5,1
4,147 days,0.54,90,18,1
4,154 days,0.732,1,51,0
4,157 days,0.422,182,5,1
4,168 days,0.884,20,82,0
4,170 days,0.235,9,39,0
4,175 days,0.27,12,53,0
4,176 days,0.66,8,37,0
4,181 days,0.915,52,19,1
4,189 days,0.0823,13,55,0
4,189 days,0.151,18,33,0
4,189 days,0.429,43,29,1
4,189 days,0.828,17,30,0
4,190 days,0.604,38,72,1
4,196 days,0.639,222,31,2
4,196 days,0.75,9,83,0
4,199 days,0.33,9,46,0
4,200 days,0.367,88,31,1
4,203 days,0.436,59,18,1
4,210 days,0.0605,17,78,0
4,217 days,0.244,50,23,1
4,217 days,0.952,78,27,1
4,224 days,0.685,19,66,0
4,225 days,0.915,4,43,0
4,231 days,0.446,12,83,0
4,238 days,0.557,4,83,0
4,238 days,0.605,194,1,1
4,246 days,0.664,8,71,0
4,259 days,0.62,91,33,1
4,259 days,0.808,13,83,0
4,322 days,0.798,85,16,1
4,329 days,0.327,41,81,1
4,329 days,0.412,88,27,1
4,343 days,0.254,47,32,1
4,350 days,0.116,80,41,1
4,350 days,0.648,40,65,1
4,357 days,0.531,24,31,1
4,378 days,0.543,8,24,0
4,385 days,0.913,24,83,1
4,389 days,0.218,31,83,1
4,420 days,0.483,161,19,1
4,420 days,0.902,91,9,1
4,446 days,0.673,31,15,1
4,462 days,0.323,59,83,1
4,463 days,0.189,9,29,0
4,476 days,0.284,156,15,1
4,476 days,0.641,49,22,1
4,504 days,0.671,66,46,1
4,511 days,0.64,105,23,1
4,525 days,0.595,4,83,0
4,550 days,0.0895,102,46,1
4,553 days,0.357,130,11,1
4,553 days,0.578,71,72,1
4,560 days,0.681,116,21,1
4,589 days,0.419,147,27,1
4,616 days,0.129,83,53,1
4,616 days,0.341,122,27,1
4,623 days,0.603,179,3,1
4,637 days,0.446,7,74,0
4,637 days,0.592,145,2,1
4,644 days,0.939,198,1,1
4,721 days,0.394,197,1,1
4,736 days,0.12,46,83,1
4,763 days,0.52,189,5,1
4,764 days,0.266,23,25,1
4,767 days,0.827,78,8,1
4,788 days,0.203,108,51,1
4,798 days,0.225,113,3,1
4,840 days,0.473,101,68,1
4,840 days,0.711,143,42,1
4,924 days,0.288,181,8,1
4,931 days,0.401,137,10,1
4,1036 days,0.931,80,80,1
4,1043 days,0.437,96,77,1
4,1057 days,0.225,157,9,1
4,1106 days,0.666,88,83,1
4,1183 days,0.446,161,41,1
4,1246 days,0.168,99,83,1
4,1246 days,0.484,33,7,1
4,1253 days,0.661,141,32,1
4,1260 days,0.689,181,7,1
4,1324 days,0.448,75,4,1
4,1330 days,0.589,1,8,0
4,1540 days,0.486,64,12,1
4,1547 days,0.225,62,28,1
4,1575 days,0.494,94,82,1
4,1778 days,0.518,61,26,1
4,1813 days,0.785,149,46,1
4,1855 days,0.37,149,14,1
4,1932 days,0.337,99,42,1
4,1995 days,0.137,52,22,1
4,2121 days,0.648,177,7,1
4,2227 days,0.323,152,23,1
4,2316 days,0.591,182,6,1
4,2355 days,0.463,119,6,1
4,2435 days,0.201,176,9,1
4,2440 days,0.286,195,1,1
4,2713 days,0.405,117,27,1
4,2713 days,0.8,104,16,1
4,2730 days,0.331,110,78,1
4,2767 days,0.654,126,18,1
4,2849 days,0.398,35,48,1
4,2982 days,0.888,161,2,1
4,3066 days,0.387,197,1,1
4,3076 days,0.643,142,23,1
4,3125 days,0.847,170,13,1
4,3437 days,0.796,136,15,1
4,3867 days,0.065,45,19,1
4,4553 days,0.49,120,15,1
4,5184 days,0.758,190,1,1
4,5423 days,0.868,157,4,1
4,5883 days,0.619,77,10,1
4,7297 days,0.4,176,6,1
4,7613 days,0.285,121,32,1
4,7682 days,0.76,172,12,1
4,13061 days,0.876,188,3,1
4,13811 days,0.74,144,27,1
4,14421 days,0.514,185,2,1
4,15078 days,0.423,179,1,1
4,15960 days,0.789,20,44,0
