Tempo,DaystoTop,Valence1,Highest_Charting_Position,Number_of_Times_Charted,Release_Date,Song_Name,Popularity,Song_ID,Genre,Acousticness,Valence,Chord,EndHighWeek,HighestPos
46.718,11316 days,3,1,1,1,1,1,1,1,1,1,1,1,1
62.948,121 days,3,1,1,1,1,1,1,1,1,1,1,1,1
64.062,7 days,2,1,1,1,1,1,1,1,1,1,1,1,1
64.934,763 days,2,1,1,1,1,1,1,1,1,1,1,1,1
65.375,7 days,0,1,1,1,1,1,1,1,1,1,1,1,1
65.988,7 days,0,1,1,1,1,1,1,1,1,1,1,1,1
66.424,7 days,0,1,1,1,1,1,1,1,1,1,1,1,1
66.932,147 days,0,1,1,1,1,1,1,1,1,1,1,1,1
67.003,154 days,1,1,1,1,1,1,1,1,1,1,1,1,1
67.196,20521 days,3,1,1,1,1,1,1,1,1,1,1,1,1
68.985,7 days,1,1,1,1,1,1,1,1,1,1,1,1,1
69.877,7 days,1,1,1,1,1,1,1,1,1,1,1,1,1
70.056,7 days,2,1,1,1,1,1,1,1,1,1,1,1,1
71.446,7 days,1,1,1,1,1,1,1,1,1,1,1,1,1
71.696,8 days,2,1,1,1,1,1,1,1,1,1,1,1,1
71.724,7 days,0,1,1,1,1,1,1,1,1,1,1,1,1
71.884,764 days,1,1,1,1,1,1,1,1,1,1,1,1,1
71.994,3169 days,1,1,1,1,1,1,1,1,1,1,1,1,1
72.541,126 days,1,1,1,1,1,1,1,1,1,1,1,1,1
72.795,3066 days,1,1,1,1,1,1,1,1,1,1,1,1,1
73.537,8 days,0,1,1,1,1,1,1,1,1,1,1,1,1
73.779,35 days,2,1,1,1,1,1,1,1,1,1,1,1,1
73.877,191 days,2,1,1,1,1,1,1,1,1,1,1,1,1
74.017,7 days,2,1,1,1,1,1,1,1,1,1,1,1,1
74.545,7 days,3,1,1,1,1,1,1,1,1,1,1,1,1
74.861,7 days,0,1,1,1,1,1,1,1,1,1,1,1,1
74.897,2742 days,0,1,1,1,1,1,1,1,1,1,1,1,1
74.952,7 days,0,1,1,1,1,1,1,1,1,1,1,1,1
74.962,7 days,2,1,1,1,1,1,1,1,1,1,1,1,1
74.988,392 days,2,1,1,1,1,1,1,1,1,1,1,1,1
75.012,7 days,2,1,1,1,1,1,1,1,1,1,1,1,1
75.014,7 days,2,1,1,1,1,1,1,1,1,1,1,1,1
75.023,840 days,1,1,1,1,1,1,1,1,1,1,1,1,1
75.025,191 days,3,1,1,1,1,1,1,1,1,1,1,1,1
75.051,62 days,2,1,1,1,1,1,1,1,1,1,1,1,1
75.055,7 days,0,1,1,1,1,1,1,1,1,1,1,1,1
75.059,7 days,1,1,1,1,1,1,1,1,1,1,1,1,1
75.217,77 days,0,1,1,1,1,1,1,1,1,1,1,1,1
75.245,14 days,0,1,1,1,1,1,1,1,1,1,1,1,1
75.248,2212 days,1,1,1,1,1,1,1,1,1,1,1,1,1
75.445,315 days,3,1,1,1,1,1,1,1,1,1,1,1,1
75.491,7 days,1,1,1,1,1,1,1,1,1,1,1,1,1
75.602,7 days,0,1,1,1,1,1,1,1,1,1,1,1,1
75.801,190 days,2,1,1,1,1,1,1,1,1,1,1,1,1
75.824,7 days,0,2,2,2,2,2,2,2,2,2,2,2,2
75.857,10 days,0,1,1,1,1,1,1,1,1,1,1,1,1
75.978,7 days,1,1,1,1,1,1,1,1,1,1,1,1,1
76.007,8 days,2,1,1,1,1,1,1,1,1,1,1,1,1
76.017,9 days,2,1,1,1,1,1,1,1,1,1,1,1,1
76.469,210 days,0,1,1,1,1,1,1,1,1,1,1,1,1
76.899,2814 days,2,1,1,1,1,1,1,1,1,1,1,1,1
76.968,7 days,1,1,1,1,1,1,1,1,1,1,1,1,1
76.993,7 days,0,1,1,1,1,1,1,1,1,1,1,1,1
76.997,11 days,0,1,1,1,1,1,1,1,1,1,1,1,1
77.005,7 days,1,1,1,1,1,1,1,1,1,1,1,1,1
77.014,7 days,1,1,1,1,1,1,1,1,1,1,1,1,1
77.052,8 days,2,1,1,1,1,1,1,1,1,1,1,1,1
77.169,553 days,1,1,1,1,1,1,1,1,1,1,1,1,1
77.249,12 days,1,1,1,1,1,1,1,1,1,1,1,1,1
77.253,7 days,0,1,1,1,1,1,1,1,1,1,1,1,1
77.271,7 days,0,1,1,1,1,1,1,1,1,1,1,1,1
77.341,574 days,2,1,1,1,1,1,1,1,1,1,1,1,1
77.355,1547 days,0,1,1,1,1,1,1,1,1,1,1,1,1
77.594,7 days,1,1,1,1,1,1,1,1,1,1,1,1,1
77.599,422 days,0,1,1,1,1,1,1,1,1,1,1,1,1
77.888,7 days,1,1,1,1,1,1,1,1,1,1,1,1,1
77.981,9 days,1,1,1,1,1,1,1,1,1,1,1,1,1
78.082,8 days,1,1,1,1,1,1,1,1,1,1,1,1,1
78.111,11799 days,1,1,1,1,1,1,1,1,1,1,1,1,1
78.4,8 days,1,1,1,1,1,1,1,1,1,1,1,1,1
78.43,7 days,1,1,1,1,1,1,1,1,1,1,1,1,1
78.452,7 days,1,1,1,1,1,1,1,1,1,1,1,1,1
78.496,21 days,3,1,1,1,1,1,1,1,1,1,1,1,1
78.616,455 days,2,1,1,1,1,1,1,1,1,1,1,1,1
78.696,21543 days,0,1,1,1,1,1,1,1,1,1,1,1,1
78.953,5883 days,2,1,1,1,1,1,1,1,1,1,1,1,1
78.958,7 days,2,1,1,1,1,1,1,1,1,1,1,1,1
78.998,2316 days,2,1,1,1,1,1,1,1,1,1,1,1,1
79.015,7 days,2,1,1,1,1,1,1,1,1,1,1,1,1
79.635,266 days,1,1,1,1,1,1,1,1,1,1,1,1,1
79.859,28 days,0,1,1,1,1,1,1,1,1,1,1,1,1
79.903,6 days,0,1,1,1,1,1,1,1,1,1,1,1,1
79.936,7 days,2,1,1,1,1,1,1,1,1,1,1,1,1
79.968,5 days,1,1,1,1,1,1,1,1,1,1,1,1,1
79.976,105 days,3,1,1,1,1,1,1,1,1,1,1,1,1
79.98,7 days,2,1,1,1,1,1,1,1,1,1,1,1,1
80.002,134 days,2,1,1,1,1,1,1,1,1,1,1,1,1
80.015,28 days,3,1,1,1,1,1,1,1,1,1,1,1,1
80.018,56 days,3,1,1,1,1,1,1,1,1,1,1,1,1
80.025,8 days,1,1,1,1,1,1,1,1,1,1,1,1,1
80.353,6 days,2,1,1,1,1,1,1,1,1,1,1,1,1
80.462,7 days,2,1,1,1,1,1,1,1,1,1,1,1,1
80.506,7 days,1,1,1,1,1,1,1,1,1,1,1,1,1
80.511,58 days,2,1,1,1,1,1,1,1,1,1,1,1,1
80.53,7 days,2,1,1,1,1,1,1,1,1,1,1,1,1
80.87,357 days,2,1,1,1,1,1,1,1,1,1,1,1,1
80.953,7 days,2,1,1,1,1,1,1,1,1,1,1,1,1
80.957,7 days,0,1,1,1,1,1,1,1,1,1,1,1,1
80.974,420 days,3,1,1,1,1,1,1,1,1,1,1,1,1
81.026,7 days,2,1,1,1,1,1,1,1,1,1,1,1,1
81.039,14 days,1,1,1,1,1,1,1,1,1,1,1,1,1
81.068,7 days,1,1,1,1,1,1,1,1,1,1,1,1,1
81.112,7 days,2,1,1,1,1,1,1,1,1,1,1,1,1
81.446,7 days,1,1,1,1,1,1,1,1,1,1,1,1,1
81.535,7 days,0,1,1,1,1,1,1,1,1,1,1,1,1
81.618,35 days,3,1,1,1,1,1,1,1,1,1,1,1,1
81.966,56 days,2,1,1,1,1,1,1,1,1,1,1,1,1
81.993,7 days,1,1,1,1,1,1,1,1,1,1,1,1,1
82.008,7 days,0,1,1,1,1,1,1,1,1,1,1,1,1
82.011,7 days,1,1,1,1,1,1,1,1,1,1,1,1,1
82.014,560 days,2,1,1,1,1,1,1,1,1,1,1,1,1
82.042,84 days,2,1,1,1,1,1,1,1,1,1,1,1,1
82.363,7 days,1,1,1,1,1,1,1,1,1,1,1,1,1
82.465,8 days,1,1,1,1,1,1,1,1,1,1,1,1,1
82.96,10 days,1,1,1,1,1,1,1,1,1,1,1,1,1
82.992,9 days,3,1,1,1,1,1,1,1,1,1,1,1,1
83.092,7 days,1,1,1,1,1,1,1,1,1,1,1,1,1
83.406,141 days,2,1,1,1,1,1,1,1,1,1,1,1,1
83.433,7 days,1,1,1,1,1,1,1,1,1,1,1,1,1
83.5,7 days,0,1,1,1,1,1,1,1,1,1,1,1,1
83.506,224 days,3,1,1,1,1,1,1,1,1,1,1,1,1
83.534,7 days,3,1,1,1,1,1,1,1,1,1,1,1,1
83.608,18 days,0,1,1,1,1,1,1,1,1,1,1,1,1
83.832,7 days,1,1,1,1,1,1,1,1,1,1,1,1,1
83.836,6 days,2,1,1,1,1,1,1,1,1,1,1,1,1
83.876,117 days,1,1,1,1,1,1,1,1,1,1,1,1,1
83.897,84 days,3,1,1,1,1,1,1,1,1,1,1,1,1
83.903,389 days,0,1,1,1,1,1,1,1,1,1,1,1,1
83.943,98 days,3,1,1,1,1,1,1,1,1,1,1,1,1
83.97,105 days,2,2,2,2,2,2,2,2,2,2,2,2,2
83.982,465 days,2,1,1,1,1,1,1,1,1,1,1,1,1
83.995,133 days,2,1,1,1,1,1,1,1,1,1,1,1,1
84.005,36 days,2,1,1,1,1,1,1,1,1,1,1,1,1
84.008,7 days,1,1,1,1,1,1,1,1,1,1,1,1,1
84.029,8 days,2,1,1,1,1,1,1,1,1,1,1,1,1
84.041,455 days,3,1,1,1,1,1,1,1,1,1,1,1,1
84.047,7 days,0,1,1,1,1,1,1,1,1,1,1,1,1
84.295,7 days,0,1,1,1,1,1,1,1,1,1,1,1,1
84.394,420 days,0,1,1,1,1,1,1,1,1,1,1,1,1
84.412,13061 days,3,1,1,1,1,1,1,1,1,1,1,1,1
84.459,9 days,2,1,1,1,1,1,1,1,1,1,1,1,1
84.485,6933 days,1,1,1,1,1,1,1,1,1,1,1,1,1
84.796,2177 days,1,1,1,1,1,1,1,1,1,1,1,1,1
84.931,7 days,2,1,1,1,1,1,1,1,1,1,1,1,1
84.974,62 days,3,1,1,1,1,1,1,1,1,1,1,1,1
84.98,42 days,1,1,1,1,1,1,1,1,1,1,1,1,1
85.011,7 days,1,1,1,1,1,1,1,1,1,1,1,1,1
85.012,1932 days,1,1,1,1,1,1,1,1,1,1,1,1,1
85.016,14 days,2,1,1,1,1,1,1,1,1,1,1,1,1
85.026,168 days,2,1,1,1,1,1,1,1,1,1,1,1,1
85.03,2713 days,1,1,1,1,1,1,1,1,1,1,1,1,1
85.043,1575 days,1,1,1,1,1,1,1,1,1,1,1,1,1
85.359,14 days,2,1,1,1,1,1,1,1,1,1,1,1,1
85.687,7 days,2,1,1,1,1,1,1,1,1,1,1,1,1
85.84,8 days,0,1,1,1,1,1,1,1,1,1,1,1,1
86.003,406 days,2,1,1,1,1,1,1,1,1,1,1,1,1
86.005,8 days,1,1,1,1,1,1,1,1,1,1,1,1,1
86.318,7 days,1,1,1,1,1,1,1,1,1,1,1,1,1
86.46,7 days,1,1,1,1,1,1,1,1,1,1,1,1,1
86.627,8 days,1,1,1,1,1,1,1,1,1,1,1,1,1
86.91,8 days,2,1,1,1,1,1,1,1,1,1,1,1,1
86.919,7 days,1,1,1,1,1,1,1,1,1,1,1,1,1
86.959,43 days,1,1,1,1,1,1,1,1,1,1,1,1,1
86.97,70 days,1,1,1,1,1,1,1,1,1,1,1,1,1
87.101,3678 days,1,1,1,1,1,1,1,1,1,1,1,1,1
87.188,7 days,1,1,1,1,1,1,1,1,1,1,1,1,1
87.221,7 days,0,1,1,1,1,1,1,1,1,1,1,1,1
87.629,8 days,1,1,1,1,1,1,1,1,1,1,1,1,1
87.865,7 days,2,1,1,1,1,1,1,1,1,1,1,1,1
87.913,23 days,3,1,1,1,1,1,1,1,1,1,1,1,1
87.961,119 days,2,1,1,1,1,1,1,1,1,1,1,1,1
87.971,8 days,3,1,1,1,1,1,1,1,1,1,1,1,1
87.972,56 days,2,1,1,1,1,1,1,1,1,1,1,1,1
87.977,39 days,3,1,1,1,1,1,1,1,1,1,1,1,1
88.003,7 days,1,1,1,1,1,1,1,1,1,1,1,1,1
88.015,7 days,2,1,1,1,1,1,1,1,1,1,1,1,1
88.033,49 days,2,1,1,1,1,1,1,1,1,1,1,1,1
88.064,189 days,1,1,1,1,1,1,1,1,1,1,1,1,1
88.284,112 days,1,1,1,1,1,1,1,1,1,1,1,1,1
88.332,7 days,1,1,1,1,1,1,1,1,1,1,1,1,1
88.485,7 days,1,1,1,1,1,1,1,1,1,1,1,1,1
88.502,7 days,2,1,1,1,1,1,1,1,1,1,1,1,1
88.834,7 days,0,1,1,1,1,1,1,1,1,1,1,1,1
88.856,7 days,2,1,1,1,1,1,1,1,1,1,1,1,1
88.863,49 days,1,1,1,1,1,1,1,1,1,1,1,1,1
88.964,476 days,1,1,1,1,1,1,1,1,1,1,1,1,1
88.966,7 days,2,1,1,1,1,1,1,1,1,1,1,1,1
88.967,7 days,1,1,1,1,1,1,1,1,1,1,1,1,1
88.972,7 days,1,1,1,1,1,1,1,1,1,1,1,1,1
89.087,378 days,2,1,1,1,1,1,1,1,1,1,1,1,1
89.391,547 days,1,1,1,1,1,1,1,1,1,1,1,1,1
89.484,7 days,3,1,1,1,1,1,1,1,1,1,1,1,1
89.643,350 days,1,1,1,1,1,1,1,1,1,1,1,1,1
89.719,314 days,3,1,1,1,1,1,1,1,1,1,1,1,1
89.812,7 days,2,1,1,1,1,1,1,1,1,1,1,1,1
89.826,9 days,1,1,1,1,1,1,1,1,1,1,1,1,1
89.901,7 days,2,1,1,1,1,1,1,1,1,1,1,1,1
89.907,9 days,3,1,1,1,1,1,1,1,1,1,1,1,1
89.911,385 days,3,1,1,1,1,1,1,1,1,1,1,1,1
89.918,1115 days,1,1,1,1,1,1,1,1,1,1,1,1,1
89.934,7 days,1,1,1,1,1,1,1,1,1,1,1,1,1
89.937,7 days,1,1,1,1,1,1,1,1,1,1,1,1,1
89.95,7 days,1,1,1,1,1,1,1,1,1,1,1,1,1
89.962,35 days,1,1,1,1,1,1,1,1,1,1,1,1,1
89.977,98 days,1,1,1,1,1,1,1,1,1,1,1,1,1
89.982,8 days,1,1,1,1,1,1,1,1,1,1,1,1,1
89.988,129 days,3,1,1,1,1,1,1,1,1,1,1,1,1
89.99,3437 days,3,1,1,1,1,1,1,1,1,1,1,1,1
89.991,98 days,1,1,1,1,1,1,1,1,1,1,1,1,1
89.999,7 days,1,1,1,1,1,1,1,1,1,1,1,1,1
90.003,7 days,2,1,1,1,1,1,1,1,1,1,1,1,1
90.013,84 days,2,1,1,1,1,1,1,1,1,1,1,1,1
90.016,147 days,2,1,1,1,1,1,1,1,1,1,1,1,1
90.019,7 days,1,1,1,1,1,1,1,1,1,1,1,1,1
90.019,217 days,2,1,1,1,1,1,1,1,1,1,1,1,1
90.021,59 days,0,1,1,1,1,1,1,1,1,1,1,1,1
90.024,7 days,1,1,1,1,1,1,1,1,1,1,1,1,1
90.025,57 days,3,1,1,1,1,1,1,1,1,1,1,1,1
90.03,21 days,1,1,1,1,1,1,1,1,1,1,1,1,1
90.035,463 days,0,1,1,1,1,1,1,1,1,1,1,1,1
90.041,5 days,2,1,1,1,1,1,1,1,1,1,1,1,1
90.086,49 days,2,1,1,1,1,1,1,1,1,1,1,1,1
90.201,7 days,2,1,1,1,1,1,1,1,1,1,1,1,1
90.471,8 days,1,1,1,1,1,1,1,1,1,1,1,1,1
90.494,7 days,0,1,1,1,1,1,1,1,1,1,1,1,1
90.674,7 days,2,1,1,1,1,1,1,1,1,1,1,1,1
90.872,7 days,0,1,1,1,1,1,1,1,1,1,1,1,1
90.932,42 days,1,1,1,1,1,1,1,1,1,1,1,1,1
90.988,7 days,2,1,1,1,1,1,1,1,1,1,1,1,1
90.991,8386 days,2,1,1,1,1,1,1,1,1,1,1,1,1
91.007,154 days,2,1,1,1,1,1,1,1,1,1,1,1,1
91.05,525 days,2,1,1,1,1,1,1,1,1,1,1,1,1
91.066,189 days,0,1,1,1,1,1,1,1,1,1,1,1,1
91.071,7 days,2,1,1,1,1,1,1,1,1,1,1,1,1
91.457,7 days,2,1,1,1,1,1,1,1,1,1,1,1,1
91.751,21178 days,3,1,1,1,1,1,1,1,1,1,1,1,1
91.873,833 days,1,1,1,1,1,1,1,1,1,1,1,1,1
91.921,259 days,2,1,1,1,1,1,1,1,1,1,1,1,1
91.942,7 days,3,1,1,1,1,1,1,1,1,1,1,1,1
91.952,141 days,2,1,1,1,1,1,1,1,1,1,1,1,1
91.97,98 days,2,1,1,1,1,1,1,1,1,1,1,1,1
91.97,589 days,1,1,1,1,1,1,1,1,1,1,1,1,1
91.973,224 days,2,1,1,1,1,1,1,1,1,1,1,1,1
91.976,106 days,2,1,1,1,1,1,1,1,1,1,1,1,1
91.985,15 days,1,1,1,1,1,1,1,1,1,1,1,1,1
91.996,8 days,2,1,1,1,1,1,1,1,1,1,1,1,1
92.003,92 days,3,1,1,1,1,1,1,1,1,1,1,1,1
92.004,2713 days,3,1,1,1,1,1,1,1,1,1,1,1,1
92.007,25 days,3,1,1,1,1,1,1,1,1,1,1,1,1
92.01,238 days,3,1,1,1,1,1,1,1,1,1,1,1,1
92.013,7 days,1,1,1,1,1,1,1,1,1,1,1,1,1
92.023,6 days,3,1,1,1,1,1,1,1,1,1,1,1,1
92.025,7 days,1,1,1,1,1,1,1,1,1,1,1,1,1
92.025,70 days,3,1,1,1,1,1,1,1,1,1,1,1,1
92.028,84 days,2,1,1,1,1,1,1,1,1,1,1,1,1
92.029,7 days,2,1,1,1,1,1,1,1,1,1,1,1,1
92.03,36 days,2,1,1,1,1,1,1,1,1,1,1,1,1
92.041,6 days,0,1,1,1,1,1,1,1,1,1,1,1,1
92.043,7 days,0,1,1,1,1,1,1,1,1,1,1,1,1
92.046,8 days,1,1,1,1,1,1,1,1,1,1,1,1,1
92.047,9 days,0,1,1,1,1,1,1,1,1,1,1,1,1
92.107,546 days,1,1,1,1,1,1,1,1,1,1,1,1,1
92.463,7 days,2,1,1,1,1,1,1,1,1,1,1,1,1
92.464,63 days,2,1,1,1,1,1,1,1,1,1,1,1,1
92.466,7 days,1,1,1,1,1,1,1,1,1,1,1,1,1
92.56,7 days,1,1,1,1,1,1,1,1,1,1,1,1,1
92.603,189 days,3,1,1,1,1,1,1,1,1,1,1,1,1
92.819,7 days,1,1,1,1,1,1,1,1,1,1,1,1,1
92.928,196 days,0,1,1,1,1,1,1,1,1,1,1,1,1
92.958,42 days,2,1,1,1,1,1,1,1,1,1,1,1,1
92.971,8 days,1,1,1,1,1,1,1,1,1,1,1,1,1
92.976,5 days,1,1,1,1,1,1,1,1,1,1,1,1,1
92.977,189 days,2,1,1,1,1,1,1,1,1,1,1,1,1
92.986,785 days,2,1,1,1,1,1,1,1,1,1,1,1,1
92.987,1540 days,2,1,1,1,1,1,1,1,1,1,1,1,1
92.988,6 days,1,1,1,1,1,1,1,1,1,1,1,1,1
92.989,112 days,1,1,1,1,1,1,1,1,1,1,1,1,1
93.0,1176 days,3,1,1,1,1,1,1,1,1,1,1,1,1
93.005,14 days,2,1,1,1,1,1,1,1,1,1,1,1,1
93.005,21 days,2,1,1,1,1,1,1,1,1,1,1,1,1
93.005,98 days,1,1,1,1,1,1,1,1,1,1,1,1,1
93.007,7 days,1,1,1,1,1,1,1,1,1,1,1,1,1
93.007,35 days,2,1,1,1,1,1,1,1,1,1,1,1,1
93.02,21 days,3,1,1,1,1,1,1,1,1,1,1,1,1
93.02,77 days,3,1,1,1,1,1,1,1,1,1,1,1,1
93.021,28 days,2,1,1,1,1,1,1,1,1,1,1,1,1
93.03,7 days,2,1,1,1,1,1,1,1,1,1,1,1,1
93.037,6 days,2,1,1,1,1,1,1,1,1,1,1,1,1
93.047,11224 days,2,1,1,1,1,1,1,1,1,1,1,1,1
93.06,8 days,3,1,1,1,1,1,1,1,1,1,1,1,1
93.064,42 days,2,1,1,1,1,1,1,1,1,1,1,1,1
93.094,5 days,2,1,1,1,1,1,1,1,1,1,1,1,1
93.099,2227 days,1,1,1,1,1,1,1,1,1,1,1,1,1
93.421,238 days,2,1,1,1,1,1,1,1,1,1,1,1,1
93.516,7 days,2,1,1,1,1,1,1,1,1,1,1,1,1
93.676,308 days,0,1,1,1,1,1,1,1,1,1,1,1,1
93.924,350 days,0,1,1,1,1,1,1,1,1,1,1,1,1
93.956,6 days,2,1,1,1,1,1,1,1,1,1,1,1,1
93.979,77 days,2,1,1,1,1,1,1,1,1,1,1,1,1
93.985,7 days,2,2,2,2,2,2,2,2,2,2,2,2,2
93.989,7 days,0,1,1,1,1,1,1,1,1,1,1,1,1
93.989,587 days,2,1,1,1,1,1,1,1,1,1,1,1,1
93.992,6 days,3,1,1,1,1,1,1,1,1,1,1,1,1
93.992,57 days,2,1,1,1,1,1,1,1,1,1,1,1,1
93.995,14 days,1,1,1,1,1,1,1,1,1,1,1,1,1
94.003,70 days,1,1,1,1,1,1,1,1,1,1,1,1,1
94.004,14 days,3,1,1,1,1,1,1,1,1,1,1,1,1
94.004,134 days,3,1,1,1,1,1,1,1,1,1,1,1,1
94.009,266 days,2,1,1,1,1,1,1,1,1,1,1,1,1
94.01,217 days,3,1,1,1,1,1,1,1,1,1,1,1,1
94.011,5 days,2,1,1,1,1,1,1,1,1,1,1,1,1
94.012,7 days,1,1,1,1,1,1,1,1,1,1,1,1,1
94.018,8 days,2,1,1,1,1,1,1,1,1,1,1,1,1
94.018,106 days,1,1,1,1,1,1,1,1,1,1,1,1,1
94.024,8 days,1,1,1,1,1,1,1,1,1,1,1,1,1
94.026,6 days,1,1,1,1,1,1,1,1,1,1,1,1,1
94.036,7 days,1,1,1,1,1,1,1,1,1,1,1,1,1
94.053,13 days,2,1,1,1,1,1,1,1,1,1,1,1,1
94.059,42 days,2,1,1,1,1,1,1,1,1,1,1,1,1
94.06,314 days,2,1,1,1,1,1,1,1,1,1,1,1,1
94.104,7 days,2,1,1,1,1,1,1,1,1,1,1,1,1
94.148,133 days,2,1,1,1,1,1,1,1,1,1,1,1,1
94.219,7 days,0,1,1,1,1,1,1,1,1,1,1,1,1
94.518,23082 days,2,1,1,1,1,1,1,1,1,1,1,1,1
94.634,8 days,1,1,1,1,1,1,1,1,1,1,1,1,1
94.736,14812 days,3,1,1,1,1,1,1,1,1,1,1,1,1
94.736,14833 days,3,1,1,1,1,1,1,1,1,1,1,1,1
94.775,2968 days,1,1,1,1,1,1,1,1,1,1,1,1,1
94.926,7 days,1,1,1,1,1,1,1,1,1,1,1,1,1
94.927,8 days,2,1,1,1,1,1,1,1,1,1,1,1,1
94.949,584 days,3,1,1,1,1,1,1,1,1,1,1,1,1
94.966,7 days,1,1,1,1,1,1,1,1,1,1,1,1,1
94.983,7 days,1,1,1,1,1,1,1,1,1,1,1,1,1
94.984,17 days,2,1,1,1,1,1,1,1,1,1,1,1,1
94.995,8 days,3,1,1,1,1,1,1,1,1,1,1,1,1
94.998,42 days,3,1,1,1,1,1,1,1,1,1,1,1,1
94.998,147 days,2,1,1,1,1,1,1,1,1,1,1,1,1
95.007,157 days,1,1,1,1,1,1,1,1,1,1,1,1,1
95.01,1253 days,2,1,1,1,1,1,1,1,1,1,1,1,1
95.016,7 days,2,1,1,1,1,1,1,1,1,1,1,1,1
95.027,5057 days,2,1,1,1,1,1,1,1,1,1,1,1,1
95.032,7 days,0,1,1,1,1,1,1,1,1,1,1,1,1
95.05,1246 days,0,1,1,1,1,1,1,1,1,1,1,1,1
95.114,56 days,3,1,1,1,1,1,1,1,1,1,1,1,1
95.39,238 days,2,1,1,1,1,1,1,1,1,1,1,1,1
95.466,7 days,1,1,1,1,1,1,1,1,1,1,1,1,1
95.692,231 days,2,1,1,1,1,1,1,1,1,1,1,1,1
95.799,462 days,1,1,1,1,1,1,1,1,1,1,1,1,1
95.881,162 days,2,1,1,1,1,1,1,1,1,1,1,1,1
95.906,8 days,1,1,1,1,1,1,1,1,1,1,1,1,1
95.927,1463 days,1,1,1,1,1,1,1,1,1,1,1,1,1
95.927,1512 days,1,1,1,1,1,1,1,1,1,1,1,1,1
95.939,7 days,2,1,1,1,1,1,1,1,1,1,1,1,1
95.939,8 days,3,1,1,1,1,1,1,1,1,1,1,1,1
95.971,63 days,1,1,1,1,1,1,1,1,1,1,1,1,1
95.975,4553 days,1,1,1,1,1,1,1,1,1,1,1,1,1
95.977,1036 days,3,1,1,1,1,1,1,1,1,1,1,1,1
95.998,56 days,1,1,1,1,1,1,1,1,1,1,1,1,1
96.029,21 days,2,1,1,1,1,1,1,1,1,1,1,1,1
96.103,7 days,1,1,1,1,1,1,1,1,1,1,1,1,1
96.133,623 days,2,1,1,1,1,1,1,1,1,1,1,1,1
96.172,20 days,2,1,1,1,1,1,1,1,1,1,1,1,1
96.459,7 days,0,1,1,1,1,1,1,1,1,1,1,1,1
96.493,58 days,2,1,1,1,1,1,1,1,1,1,1,1,1
96.838,7 days,1,1,1,1,1,1,1,1,1,1,1,1,1
96.852,20 days,2,1,1,1,1,1,1,1,1,1,1,1,1
96.855,14 days,1,1,1,1,1,1,1,1,1,1,1,1,1
96.966,35 days,2,1,1,1,1,1,1,1,1,1,1,1,1
96.988,57 days,2,1,1,1,1,1,1,1,1,1,1,1,1
96.988,76 days,2,1,1,1,1,1,1,1,1,1,1,1,1
96.989,7 days,1,1,1,1,1,1,1,1,1,1,1,1,1
97.002,78 days,3,1,1,1,1,1,1,1,1,1,1,1,1
97.008,224 days,0,1,1,1,1,1,1,1,1,1,1,1,1
97.014,41 days,1,1,1,1,1,1,1,1,1,1,1,1,1
97.018,80 days,3,1,1,1,1,1,1,1,1,1,1,1,1
97.02,7 days,1,1,1,1,1,1,1,1,1,1,1,1,1
97.041,58 days,3,1,1,1,1,1,1,1,1,1,1,1,1
97.054,182 days,2,1,1,1,1,1,1,1,1,1,1,1,1
97.097,7 days,2,1,1,1,1,1,1,1,1,1,1,1,1
97.672,7 days,2,1,1,1,1,1,1,1,1,1,1,1,1
97.753,206 days,1,1,1,1,1,1,1,1,1,1,1,1,1
97.767,11 days,0,1,1,1,1,1,1,1,1,1,1,1,1
97.956,70 days,2,1,1,1,1,1,1,1,1,1,1,1,1
97.96,7 days,3,1,1,1,1,1,1,1,1,1,1,1,1
97.961,12 days,1,1,1,1,1,1,1,1,1,1,1,1,1
97.963,281 days,2,1,1,1,1,1,1,1,1,1,1,1,1
97.974,7 days,2,1,1,1,1,1,1,1,1,1,1,1,1
97.981,232 days,0,1,1,1,1,1,1,1,1,1,1,1,1
97.989,182 days,2,1,1,1,1,1,1,1,1,1,1,1,1
97.99,17 days,2,1,1,1,1,1,1,1,1,1,1,1,1
98.005,99 days,2,1,1,1,1,1,1,1,1,1,1,1,1
98.01,127 days,1,1,1,1,1,1,1,1,1,1,1,1,1
98.013,63 days,3,1,1,1,1,1,1,1,1,1,1,1,1
98.016,128 days,2,1,1,1,1,1,1,1,1,1,1,1,1
98.023,9 days,1,1,1,1,1,1,1,1,1,1,1,1,1
98.027,127 days,2,1,1,1,1,1,1,1,1,1,1,1,1
98.031,63 days,2,1,1,1,1,1,1,1,1,1,1,1,1
98.036,8 days,0,1,1,1,1,1,1,1,1,1,1,1,1
98.05,7 days,2,1,1,1,1,1,1,1,1,1,1,1,1
98.54,7 days,0,1,1,1,1,1,1,1,1,1,1,1,1
98.543,7 days,1,1,1,1,1,1,1,1,1,1,1,1,1
98.543,42 days,1,1,1,1,1,1,1,1,1,1,1,1,1
98.743,7 days,0,1,1,1,1,1,1,1,1,1,1,1,1
98.962,7 days,0,1,1,1,1,1,1,1,1,1,1,1,1
98.991,7 days,2,1,1,1,1,1,1,1,1,1,1,1,1
98.994,350 days,0,1,1,1,1,1,1,1,1,1,1,1,1
98.995,7 days,1,1,1,1,1,1,1,1,1,1,1,1,1
99.008,7 days,0,1,1,1,1,1,1,1,1,1,1,1,1
99.01,7 days,3,1,1,1,1,1,1,1,1,1,1,1,1
99.024,104 days,0,1,1,1,1,1,1,1,1,1,1,1,1
99.034,77 days,1,1,1,1,1,1,1,1,1,1,1,1,1
99.048,21 days,2,1,1,1,1,1,1,1,1,1,1,1,1
99.048,42 days,2,1,1,1,1,1,1,1,1,1,1,1,1
99.112,1869 days,0,1,1,1,1,1,1,1,1,1,1,1,1
99.7,7 days,1,1,1,1,1,1,1,1,1,1,1,1,1
99.757,7 days,1,1,1,1,1,1,1,1,1,1,1,1,1
99.772,8 days,1,1,1,1,1,1,1,1,1,1,1,1,1
99.865,7 days,2,1,1,1,1,1,1,1,1,1,1,1,1
99.908,7 days,2,1,1,1,1,1,1,1,1,1,1,1,1
99.928,7 days,0,1,1,1,1,1,1,1,1,1,1,1,1
99.954,77 days,3,1,1,1,1,1,1,1,1,1,1,1,1
99.96,119 days,1,1,1,1,1,1,1,1,1,1,1,1,1
99.975,7 days,2,1,1,1,1,1,1,1,1,1,1,1,1
99.984,8 days,2,1,1,1,1,1,1,1,1,1,1,1,1
99.984,21 days,2,1,1,1,1,1,1,1,1,1,1,1,1
99.989,7 days,1,1,1,1,1,1,1,1,1,1,1,1,1
99.991,224 days,1,1,1,1,1,1,1,1,1,1,1,1,1
99.993,7 days,0,1,1,1,1,1,1,1,1,1,1,1,1
99.994,7 days,0,1,1,1,1,1,1,1,1,1,1,1,1
99.999,7 days,1,1,1,1,1,1,1,1,1,1,1,1,1
99.999,58 days,3,1,1,1,1,1,1,1,1,1,1,1,1
100.004,91 days,3,1,1,1,1,1,1,1,1,1,1,1,1
100.008,96 days,1,1,1,1,1,1,1,1,1,1,1,1,1
100.009,14 days,2,1,1,1,1,1,1,1,1,1,1,1,1
100.013,133 days,2,1,1,1,1,1,1,1,1,1,1,1,1
100.015,504 days,2,1,1,1,1,1,1,1,1,1,1,1,1
100.021,7 days,2,1,1,1,1,1,1,1,1,1,1,1,1
100.021,105 days,2,1,1,1,1,1,1,1,1,1,1,1,1
100.023,7 days,2,1,1,1,1,1,1,1,1,1,1,1,1
100.024,5184 days,3,1,1,1,1,1,1,1,1,1,1,1,1
100.031,7 days,1,1,1,1,1,1,1,1,1,1,1,1,1
100.032,14 days,1,1,1,1,1,1,1,1,1,1,1,1,1
100.036,72 days,1,1,1,1,1,1,1,1,1,1,1,1,1
100.037,42 days,1,1,1,1,1,1,1,1,1,1,1,1,1
100.041,203 days,3,1,1,1,1,1,1,1,1,1,1,1,1
100.047,21 days,1,1,1,1,1,1,1,1,1,1,1,1,1
100.051,42 days,3,1,1,1,1,1,1,1,1,1,1,1,1
100.07,189 days,3,1,1,1,1,1,1,1,1,1,1,1,1
100.087,614 days,2,1,1,1,1,1,1,1,1,1,1,1,1
100.1,35 days,1,1,1,1,1,1,1,1,1,1,1,1,1
100.118,7 days,1,1,1,1,1,1,1,1,1,1,1,1,1
100.119,294 days,2,1,1,1,1,1,1,1,1,1,1,1,1
100.45,2355 days,1,1,1,1,1,1,1,1,1,1,1,1,1
100.453,7 days,2,1,1,1,1,1,1,1,1,1,1,1,1
100.541,209 days,0,1,1,1,1,1,1,1,1,1,1,1,1
100.607,7 days,0,1,1,1,1,1,1,1,1,1,1,1,1
100.706,7 days,3,1,1,1,1,1,1,1,1,1,1,1,1
100.978,213 days,2,1,1,1,1,1,1,1,1,1,1,1,1
101.022,70 days,3,1,1,1,1,1,1,1,1,1,1,1,1
101.024,6 days,2,1,1,1,1,1,1,1,1,1,1,1,1
101.027,11 days,2,1,1,1,1,1,1,1,1,1,1,1,1
101.04,7 days,2,1,1,1,1,1,1,1,1,1,1,1,1
101.085,7 days,1,1,1,1,1,1,1,1,1,1,1,1,1
101.085,78 days,2,1,1,1,1,1,1,1,1,1,1,1,1
101.529,5472 days,1,1,1,1,1,1,1,1,1,1,1,1,1
101.654,2509 days,2,1,1,1,1,1,1,1,1,1,1,1,1
101.934,7 days,1,1,1,1,1,1,1,1,1,1,1,1,1
101.956,238 days,3,1,1,1,1,1,1,1,1,1,1,1,1
101.968,42 days,3,1,1,1,1,1,1,1,1,1,1,1,1
101.987,21 days,1,1,1,1,1,1,1,1,1,1,1,1,1
102.021,7 days,1,1,1,1,1,1,1,1,1,1,1,1,1
102.046,7 days,1,1,1,1,1,1,1,1,1,1,1,1,1
102.078,175 days,1,1,1,1,1,1,1,1,1,1,1,1,1
102.101,35 days,1,1,1,1,1,1,1,1,1,1,1,1,1
102.103,224 days,2,1,1,1,1,1,1,1,1,1,1,1,1
102.211,7 days,2,1,1,1,1,1,1,1,1,1,1,1,1
102.489,8 days,0,1,1,1,1,1,1,1,1,1,1,1,1
102.819,7 days,0,1,1,1,1,1,1,1,1,1,1,1,1
102.931,28 days,3,1,1,1,1,1,1,1,1,1,1,1,1
102.977,181 days,3,1,1,1,1,1,1,1,1,1,1,1,1
102.977,225 days,3,1,1,1,1,1,1,1,1,1,1,1,1
102.998,364 days,1,1,1,1,1,1,1,1,1,1,1,1,1
102.999,77 days,2,1,1,1,1,1,1,1,1,1,1,1,1
103.0,7 days,2,1,1,1,1,1,1,1,1,1,1,1,1
103.007,10 days,2,1,1,1,1,1,1,1,1,1,1,1,1
103.013,72 days,3,1,1,1,1,1,1,1,1,1,1,1,1
103.014,259 days,2,1,1,1,1,1,1,1,1,1,1,1,1
103.019,1183 days,1,1,1,1,1,1,1,1,1,1,1,1,1
103.072,329 days,1,1,1,1,1,1,1,1,1,1,1,1,1
103.116,7 days,1,1,1,1,1,1,1,1,1,1,1,1,1
103.868,7 days,1,1,1,1,1,1,1,1,1,1,1,1,1
103.948,7 days,1,1,1,1,1,1,1,1,1,1,1,1,1
103.952,189 days,1,1,1,1,1,1,1,1,1,1,1,1,1
103.967,1855 days,1,1,1,1,1,1,1,1,1,1,1,1,1
103.981,210 days,2,1,1,1,1,1,1,1,1,1,1,1,1
103.994,175 days,2,1,1,1,1,1,1,1,1,1,1,1,1
104.0,14 days,1,1,1,1,1,1,1,1,1,1,1,1,1
104.0,28 days,1,1,1,1,1,1,1,1,1,1,1,1,1
104.106,215 days,0,1,1,1,1,1,1,1,1,1,1,1,1
104.181,8 days,2,1,1,1,1,1,1,1,1,1,1,1,1
104.504,7682 days,3,1,1,1,1,1,1,1,1,1,1,1,1
104.875,1 days,0,1,1,1,1,1,1,1,1,1,1,1,1
104.89,357 days,0,1,1,1,1,1,1,1,1,1,1,1,1
104.914,8 days,1,1,1,1,1,1,1,1,1,1,1,1,1
104.949,42 days,0,1,1,1,1,1,1,1,1,1,1,1,1
104.954,189 days,2,1,1,1,1,1,1,1,1,1,1,1,1
104.957,70 days,2,1,1,1,1,1,1,1,1,1,1,1,1
104.957,792 days,1,1,1,1,1,1,1,1,1,1,1,1,1
104.965,56 days,0,1,1,1,1,1,1,1,1,1,1,1,1
104.973,11 days,1,1,1,1,1,1,1,1,1,1,1,1,1
104.988,721 days,1,1,1,1,1,1,1,1,1,1,1,1,1
104.994,7 days,2,1,1,1,1,1,1,1,1,1,1,1,1
104.994,83 days,2,1,1,1,1,1,1,1,1,1,1,1,1
104.998,7 days,2,1,1,1,1,1,1,1,1,1,1,1,1
104.999,8092 days,3,1,1,1,1,1,1,1,1,1,1,1,1
105.012,105 days,2,1,1,1,1,1,1,1,1,1,1,1,1
105.013,105 days,1,1,1,1,1,1,1,1,1,1,1,1,1
105.023,7 days,2,1,1,1,1,1,1,1,1,1,1,1,1
105.024,7 days,1,1,1,1,1,1,1,1,1,1,1,1,1
105.027,14 days,2,1,1,1,1,1,1,1,1,1,1,1,1
105.027,168 days,2,1,1,1,1,1,1,1,1,1,1,1,1
105.039,767 days,3,1,1,1,1,1,1,1,1,1,1,1,1
105.043,7 days,1,1,1,1,1,1,1,1,1,1,1,1,1
105.046,35 days,1,1,1,1,1,1,1,1,1,1,1,1,1
105.143,7297 days,1,1,1,1,1,1,1,1,1,1,1,1,1
105.666,9 days,2,1,1,1,1,1,1,1,1,1,1,1,1
105.918,7 days,1,1,1,1,1,1,1,1,1,1,1,1,1
105.922,7 days,1,1,1,1,1,1,1,1,1,1,1,1,1
105.936,7 days,1,1,1,1,1,1,1,1,1,1,1,1,1
105.979,9 days,2,1,1,1,1,1,1,1,1,1,1,1,1
106.007,7 days,0,1,1,1,1,1,1,1,1,1,1,1,1
106.044,162 days,1,1,1,1,1,1,1,1,1,1,1,1,1
106.064,14 days,2,1,1,1,1,1,1,1,1,1,1,1,1
106.196,14 days,0,1,1,1,1,1,1,1,1,1,1,1,1
106.52,182 days,2,1,1,1,1,1,1,1,1,1,1,1,1
106.869,7 days,2,1,1,1,1,1,1,1,1,1,1,1,1
106.891,7 days,2,1,1,1,1,1,1,1,1,1,1,1,1
106.966,329 days,1,1,1,1,1,1,1,1,1,1,1,1,1
106.974,8 days,2,1,1,1,1,1,1,1,1,1,1,1,1
106.976,7 days,2,1,1,1,1,1,1,1,1,1,1,1,1
106.99,11 days,2,1,1,1,1,1,1,1,1,1,1,1,1
107.356,231 days,2,1,1,1,1,1,1,1,1,1,1,1,1
107.682,13175 days,3,1,1,1,1,1,1,1,1,1,1,1,1
107.895,7 days,1,1,1,1,1,1,1,1,1,1,1,1,1
107.949,1995 days,2,1,1,1,1,1,1,1,1,1,1,1,1
107.989,2435 days,0,1,1,1,1,1,1,1,1,1,1,1,1
107.994,35 days,3,1,1,1,1,1,1,1,1,1,1,1,1
107.998,35 days,3,1,1,1,1,1,1,1,1,1,1,1,1
108.025,30 days,3,1,1,1,1,1,1,1,1,1,1,1,1
108.045,7 days,1,1,1,1,1,1,1,1,1,1,1,1,1
108.07,7 days,1,1,1,1,1,1,1,1,1,1,1,1,1
108.138,7 days,2,1,1,1,1,1,1,1,1,1,1,1,1
108.138,28 days,2,1,1,1,1,1,1,1,1,1,1,1,1
108.959,21 days,0,1,1,1,1,1,1,1,1,1,1,1,1
108.992,7 days,2,1,1,1,1,1,1,1,1,1,1,1,1
109.012,3867 days,1,1,1,1,1,1,1,1,1,1,1,1,1
109.019,8 days,1,1,1,1,1,1,1,1,1,1,1,1,1
109.034,98 days,1,1,1,1,1,1,1,1,1,1,1,1,1
109.075,34 days,0,1,1,1,1,1,1,1,1,1,1,1,1
109.075,798 days,0,1,1,1,1,1,1,1,1,1,1,1,1
109.352,7 days,2,2,2,2,2,2,2,2,2,2,2,2,2
109.791,7 days,3,1,1,1,1,1,1,1,1,1,1,1,1
109.891,231 days,1,1,1,1,1,1,1,1,1,1,1,1,1
109.893,7 days,1,1,1,1,1,1,1,1,1,1,1,1,1
109.928,42 days,0,1,1,1,1,1,1,1,1,1,1,1,1
109.975,14896 days,3,1,1,1,1,1,1,1,1,1,1,1,1
109.976,7 days,2,1,1,1,1,1,1,1,1,1,1,1,1
109.986,588 days,0,1,1,1,1,1,1,1,1,1,1,1,1
109.997,7 days,2,1,1,1,1,1,1,1,1,1,1,1,1
110.0,7 days,1,1,1,1,1,1,1,1,1,1,1,1,1
110.003,217 days,3,1,1,1,1,1,1,1,1,1,1,1,1
110.011,21 days,0,1,1,1,1,1,1,1,1,1,1,1,1
110.013,126 days,2,1,1,1,1,1,1,1,1,1,1,1,1
110.028,3372 days,2,1,1,1,1,1,1,1,1,1,1,1,1
110.034,7 days,2,1,1,1,1,1,1,1,1,1,1,1,1
110.042,7 days,3,1,1,1,1,1,1,1,1,1,1,1,1
110.05,7 days,2,1,1,1,1,1,1,1,1,1,1,1,1
110.075,7 days,3,1,1,1,1,1,1,1,1,1,1,1,1
110.077,13467 days,3,1,1,1,1,1,1,1,1,1,1,1,1
110.095,1 days,1,1,1,1,1,1,1,1,1,1,1,1,1
110.107,7 days,1,1,1,1,1,1,1,1,1,1,1,1,1
110.108,7 days,2,1,1,1,1,1,1,1,1,1,1,1,1
110.184,217 days,1,1,1,1,1,1,1,1,1,1,1,1,1
110.378,23126 days,1,1,1,1,1,1,1,1,1,1,1,1,1
110.427,120 days,2,1,1,1,1,1,1,1,1,1,1,1,1
110.567,175 days,1,1,1,1,1,1,1,1,1,1,1,1,1
110.94,7 days,1,1,1,1,1,1,1,1,1,1,1,1,1
110.953,7 days,3,1,1,1,1,1,1,1,1,1,1,1,1
110.962,134 days,3,1,1,1,1,1,1,1,1,1,1,1,1
110.968,42 days,2,1,1,1,1,1,1,1,1,1,1,1,1
110.971,8 days,1,1,1,1,1,1,1,1,1,1,1,1,1
110.973,7 days,1,1,1,1,1,1,1,1,1,1,1,1,1
111.004,21 days,2,1,1,1,1,1,1,1,1,1,1,1,1
111.052,104 days,1,1,1,1,1,1,1,1,1,1,1,1,1
111.076,7 days,2,1,1,1,1,1,1,1,1,1,1,1,1
111.202,273 days,1,1,1,1,1,1,1,1,1,1,1,1,1
111.712,7 days,2,1,1,1,1,1,1,1,1,1,1,1,1
111.881,84 days,0,1,1,1,1,1,1,1,1,1,1,1,1
111.898,57 days,3,1,1,1,1,1,1,1,1,1,1,1,1
111.983,70 days,2,1,1,1,1,1,1,1,1,1,1,1,1
111.984,7 days,1,1,1,1,1,1,1,1,1,1,1,1,1
112.01,98 days,1,1,1,1,1,1,1,1,1,1,1,1,1
112.011,331 days,1,1,1,1,1,1,1,1,1,1,1,1,1
112.022,467 days,2,1,1,1,1,1,1,1,1,1,1,1,1
112.05,7 days,1,1,1,1,1,1,1,1,1,1,1,1,1
112.05,199 days,1,1,1,1,1,1,1,1,1,1,1,1,1
112.602,154 days,1,1,1,1,1,1,1,1,1,1,1,1,1
112.874,7798 days,2,1,1,1,1,1,1,1,1,1,1,1,1
112.887,7 days,1,1,1,1,1,1,1,1,1,1,1,1,1
112.953,63 days,3,1,1,1,1,1,1,1,1,1,1,1,1
112.985,7 days,1,1,1,1,1,1,1,1,1,1,1,1,1
112.985,100 days,3,1,1,1,1,1,1,1,1,1,1,1,1
112.986,2580 days,3,1,1,1,1,1,1,1,1,1,1,1,1
112.987,70 days,3,1,1,1,1,1,1,1,1,1,1,1,1
112.997,476 days,2,1,1,1,1,1,1,1,1,1,1,1,1
113.003,1995 days,0,1,1,1,1,1,1,1,1,1,1,1,1
113.011,7 days,1,1,1,1,1,1,1,1,1,1,1,1,1
113.018,7 days,2,1,1,1,1,1,1,1,1,1,1,1,1
113.039,7 days,1,1,1,1,1,1,1,1,1,1,1,1,1
113.06,7 days,3,1,1,1,1,1,1,1,1,1,1,1,1
113.12,91 days,1,1,1,1,1,1,1,1,1,1,1,1,1
113.326,7 days,3,1,1,1,1,1,1,1,1,1,1,1,1
113.401,2268 days,2,1,1,1,1,1,1,1,1,1,1,1,1
113.903,7 days,2,1,1,1,1,1,1,1,1,1,1,1,1
113.968,63 days,2,1,1,1,1,1,1,1,1,1,1,1,1
113.998,1519 days,2,1,1,1,1,1,1,1,1,1,1,1,1
114.008,7 days,2,1,1,1,1,1,1,1,1,1,1,1,1
114.009,7 days,1,1,1,1,1,1,1,1,1,1,1,1,1
114.044,7 days,2,1,1,1,1,1,1,1,1,1,1,1,1
114.078,7 days,0,1,1,1,1,1,1,1,1,1,1,1,1
114.328,5423 days,3,1,1,1,1,1,1,1,1,1,1,1,1
114.822,7 days,2,1,1,1,1,1,1,1,1,1,1,1,1
114.86,7 days,0,1,1,1,1,1,1,1,1,1,1,1,1
114.91,7 days,2,1,1,1,1,1,1,1,1,1,1,1,1
114.957,11 days,1,1,1,1,1,1,1,1,1,1,1,1,1
114.978,7 days,1,1,1,1,1,1,1,1,1,1,1,1,1
114.993,314 days,3,1,1,1,1,1,1,1,1,1,1,1,1
114.998,7 days,2,1,1,1,1,1,1,1,1,1,1,1,1
114.999,15 days,1,1,1,1,1,1,1,1,1,1,1,1,1
115.002,7 days,2,1,1,1,1,1,1,1,1,1,1,1,1
115.01,2676 days,0,1,1,1,1,1,1,1,1,1,1,1,1
115.016,10 days,1,1,1,1,1,1,1,1,1,1,1,1,1
115.036,7 days,1,1,1,1,1,1,1,1,1,1,1,1,1
115.044,50 days,2,1,1,1,1,1,1,1,1,1,1,1,1
115.056,399 days,1,1,1,1,1,1,1,1,1,1,1,1,1
115.058,7 days,1,1,1,1,1,1,1,1,1,1,1,1,1
115.233,7 days,0,1,1,1,1,1,1,1,1,1,1,1,1
115.284,736 days,0,1,1,1,1,1,1,1,1,1,1,1,1
115.412,6203 days,1,1,1,1,1,1,1,1,1,1,1,1,1
115.665,11 days,1,1,1,1,1,1,1,1,1,1,1,1,1
115.728,15078 days,1,1,1,1,1,1,1,1,1,1,1,1,1
115.852,7 days,0,1,1,1,1,1,1,1,1,1,1,1,1
115.884,217 days,2,1,1,1,1,1,1,1,1,1,1,1,1
115.957,7 days,1,1,1,1,1,1,1,1,1,1,1,1,1
115.977,167 days,2,1,1,1,1,1,1,1,1,1,1,1,1
115.982,497 days,1,1,1,1,1,1,1,1,1,1,1,1,1
115.99,7 days,3,1,1,1,1,1,1,1,1,1,1,1,1
116.001,7 days,0,1,1,1,1,1,1,1,1,1,1,1,1
116.001,203 days,1,1,1,1,1,1,1,1,1,1,1,1,1
116.029,8 days,2,1,1,1,1,1,1,1,1,1,1,1,1
116.073,945 days,2,1,1,1,1,1,1,1,1,1,1,1,1
116.431,79 days,1,1,1,1,1,1,1,1,1,1,1,1,1
116.735,85 days,1,1,1,1,1,1,1,1,1,1,1,1,1
116.761,10900 days,2,1,1,1,1,1,1,1,1,1,1,1,1
116.879,1813 days,3,1,1,1,1,1,1,1,1,1,1,1,1
116.912,7 days,1,1,1,1,1,1,1,1,1,1,1,1,1
116.919,8 days,1,1,1,1,1,1,1,1,1,1,1,1,1
116.947,196 days,2,1,1,1,1,1,1,1,1,1,1,1,1
116.963,0 days,1,1,1,1,1,1,1,1,1,1,1,1,1
116.965,7 days,2,1,1,1,1,1,1,1,1,1,1,1,1
116.971,70 days,2,1,1,1,1,1,1,1,1,1,1,1,1
116.988,7 days,1,1,1,1,1,1,1,1,1,1,1,1,1
117.003,446 days,2,1,1,1,1,1,1,1,1,1,1,1,1
117.007,15 days,2,1,1,1,1,1,1,1,1,1,1,1,1
117.066,7 days,2,1,1,1,1,1,1,1,1,1,1,1,1
117.078,8 days,2,1,1,1,1,1,1,1,1,1,1,1,1
117.127,7 days,2,1,1,1,1,1,1,1,1,1,1,1,1
117.399,49 days,3,1,1,1,1,1,1,1,1,1,1,1,1
117.401,13811 days,2,1,1,1,1,1,1,1,1,1,1,1,1
117.496,9 days,3,1,1,1,1,1,1,1,1,1,1,1,1
117.817,35 days,1,1,1,1,1,1,1,1,1,1,1,1,1
117.904,7 days,2,1,1,1,1,1,1,1,1,1,1,1,1
117.943,7 days,1,1,1,1,1,1,1,1,1,1,1,1,1
117.945,7 days,1,1,1,1,1,1,1,1,1,1,1,1,1
117.948,168 days,3,1,1,1,1,1,1,1,1,1,1,1,1
117.967,112 days,0,1,1,1,1,1,1,1,1,1,1,1,1
117.977,7 days,2,1,1,1,1,1,1,1,1,1,1,1,1
117.98,8 days,0,1,1,1,1,1,1,1,1,1,1,1,1
117.987,520 days,3,1,1,1,1,1,1,1,1,1,1,1,1
117.992,511 days,2,1,1,1,1,1,1,1,1,1,1,1,1
118.0,7 days,1,1,1,1,1,1,1,1,1,1,1,1,1
118.004,14 days,1,1,1,1,1,1,1,1,1,1,1,1,1
118.028,308 days,1,1,1,1,1,1,1,1,1,1,1,1,1
118.037,7 days,0,1,1,1,1,1,1,1,1,1,1,1,1
118.078,71 days,1,1,1,1,1,1,1,1,1,1,1,1,1
118.091,7 days,2,1,1,1,1,1,1,1,1,1,1,1,1
118.091,49 days,2,1,1,1,1,1,1,1,1,1,1,1,1
118.427,1136 days,2,1,1,1,1,1,1,1,1,1,1,1,1
118.671,7 days,3,1,1,1,1,1,1,1,1,1,1,1,1
118.819,7 days,1,1,1,1,1,1,1,1,1,1,1,1,1
118.836,7 days,1,1,1,1,1,1,1,1,1,1,1,1,1
118.852,14421 days,2,1,1,1,1,1,1,1,1,1,1,1,1
118.917,550 days,0,1,1,1,1,1,1,1,1,1,1,1,1
118.961,112 days,3,1,1,1,1,1,1,1,1,1,1,1,1
119.006,7 days,1,1,1,1,1,1,1,1,1,1,1,1,1
119.01,49 days,3,1,1,1,1,1,1,1,1,1,1,1,1
119.054,49 days,1,1,1,1,1,1,1,1,1,1,1,1,1
119.099,7 days,1,1,1,1,1,1,1,1,1,1,1,1,1
119.1,7 days,1,1,1,1,1,1,1,1,1,1,1,1,1
119.255,557 days,1,1,1,1,1,1,1,1,1,1,1,1,1
119.537,7 days,2,1,1,1,1,1,1,1,1,1,1,1,1
119.59,7 days,0,1,1,1,1,1,1,1,1,1,1,1,1
119.705,23034 days,3,1,1,1,1,1,1,1,1,1,1,1,1
119.812,386 days,1,1,1,1,1,1,1,1,1,1,1,1,1
119.829,1995 days,1,1,1,1,1,1,1,1,1,1,1,1,1
119.845,7 days,1,1,1,1,1,1,1,1,1,1,1,1,1
119.921,553 days,0,1,1,1,1,1,1,1,1,1,1,1,1
119.93,2730 days,1,1,1,1,1,1,1,1,1,1,1,1,1
119.932,71 days,1,1,1,1,1,1,1,1,1,1,1,1,1
119.933,8 days,1,1,1,1,1,1,1,1,1,1,1,1,1
119.961,7 days,1,1,1,1,1,1,1,1,1,1,1,1,1
119.965,7 days,1,1,1,1,1,1,1,1,1,1,1,1,1
119.966,7 days,1,1,1,1,1,1,1,1,1,1,1,1,1
119.976,49 days,2,1,1,1,1,1,1,1,1,1,1,1,1
119.987,7 days,2,1,1,1,1,1,1,1,1,1,1,1,1
119.987,21 days,3,1,1,1,1,1,1,1,1,1,1,1,1
119.991,322 days,3,1,1,1,1,1,1,1,1,1,1,1,1
119.993,74 days,3,1,1,1,1,1,1,1,1,1,1,1,1
119.997,1246 days,1,1,1,1,1,1,1,1,1,1,1,1,1
120.002,7 days,0,1,1,1,1,1,1,1,1,1,1,1,1
120.003,22 days,2,1,1,1,1,1,1,1,1,1,1,1,1
120.006,8 days,3,1,1,1,1,1,1,1,1,1,1,1,1
120.006,588 days,0,1,1,1,1,1,1,1,1,1,1,1,1
120.009,7 days,3,1,1,1,1,1,1,1,1,1,1,1,1
120.018,91 days,1,1,1,1,1,1,1,1,1,1,1,1,1
120.023,511 days,2,1,1,1,1,1,1,1,1,1,1,1,1
120.024,761 days,2,1,1,1,1,1,1,1,1,1,1,1,1
120.029,9 days,2,1,1,1,1,1,1,1,1,1,1,1,1
120.03,217 days,2,1,1,1,1,1,1,1,1,1,1,1,1
120.031,7 days,2,1,1,1,1,1,1,1,1,1,1,1,1
120.031,170 days,0,1,1,1,1,1,1,1,1,1,1,1,1
120.035,560 days,0,1,1,1,1,1,1,1,1,1,1,1,1
120.041,1778 days,2,1,1,1,1,1,1,1,1,1,1,1,1
120.042,119 days,2,1,1,1,1,1,1,1,1,1,1,1,1
120.046,21 days,1,1,1,1,1,1,1,1,1,1,1,1,1
120.059,7 days,2,1,1,1,1,1,1,1,1,1,1,1,1
120.074,7 days,2,1,1,1,1,1,1,1,1,1,1,1,1
120.077,7 days,0,1,1,1,1,1,1,1,1,1,1,1,1
120.077,8 days,1,1,1,1,1,1,1,1,1,1,1,1,1
120.078,21 days,1,1,1,1,1,1,1,1,1,1,1,1,1
120.082,119 days,2,1,1,1,1,1,1,1,1,1,1,1,1
120.109,7 days,1,1,1,1,1,1,1,1,1,1,1,1,1
120.151,15960 days,3,1,1,1,1,1,1,1,1,1,1,1,1
120.274,728 days,0,1,1,1,1,1,1,1,1,1,1,1,1
120.998,7 days,2,1,1,1,1,1,1,1,1,1,1,1,1
121.002,35 days,1,1,1,1,1,1,1,1,1,1,1,1,1
121.028,7 days,1,1,1,1,1,1,1,1,1,1,1,1,1
121.06,7 days,1,1,1,1,1,1,1,1,1,1,1,1,1
121.07,2440 days,1,1,1,1,1,1,1,1,1,1,1,1,1
121.678,7 days,2,1,1,1,1,1,1,1,1,1,1,1,1
121.876,113 days,3,1,1,1,1,1,1,1,1,1,1,1,1
121.953,7 days,1,1,1,1,1,1,1,1,1,1,1,1,1
121.955,147 days,2,1,1,1,1,1,1,1,1,1,1,1,1
121.955,147 days,3,1,1,1,1,1,1,1,1,1,1,1,1
121.967,161 days,0,1,1,1,1,1,1,1,1,1,1,1,1
121.981,7 days,1,1,1,1,1,1,1,1,1,1,1,1,1
122.008,7 days,2,1,1,1,1,1,1,1,1,1,1,1,1
122.012,7 days,1,1,1,1,1,1,1,1,1,1,1,1,1
122.012,8 days,3,1,1,1,1,1,1,1,1,1,1,1,1
122.015,7 days,2,1,1,1,1,1,1,1,1,1,1,1,1
122.017,2732 days,1,1,1,1,1,1,1,1,1,1,1,1,1
122.03,403 days,2,1,1,1,1,1,1,1,1,1,1,1,1
122.031,246 days,2,1,1,1,1,1,1,1,1,1,1,1,1
122.035,11 days,2,1,1,1,1,1,1,1,1,1,1,1,1
122.053,7 days,2,1,1,1,1,1,1,1,1,1,1,1,1
122.074,189 days,1,1,1,1,1,1,1,1,1,1,1,1,1
122.079,7 days,0,1,1,1,1,1,1,1,1,1,1,1,1
122.179,7 days,0,1,1,1,1,1,1,1,1,1,1,1,1
122.331,2968 days,1,1,1,1,1,1,1,1,1,1,1,1,1
122.728,8 days,3,1,1,1,1,1,1,1,1,1,1,1,1
122.764,2782 days,0,1,1,1,1,1,1,1,1,1,1,1,1
122.792,7 days,0,1,1,1,1,1,1,1,1,1,1,1,1
122.947,7 days,0,1,1,1,1,1,1,1,1,1,1,1,1
122.953,105 days,3,1,1,1,1,1,1,1,1,1,1,1,1
122.959,9 days,3,1,1,1,1,1,1,1,1,1,1,1,1
122.965,7 days,0,1,1,1,1,1,1,1,1,1,1,1,1
122.973,7 days,1,1,1,1,1,1,1,1,1,1,1,1,1
122.973,168 days,2,1,1,1,1,1,1,1,1,1,1,1,1
122.98,119 days,3,1,1,1,1,1,1,1,1,1,1,1,1
122.983,7 days,1,1,1,1,1,1,1,1,1,1,1,1,1
123.013,7 days,2,1,1,1,1,1,1,1,1,1,1,1,1
123.016,7 days,3,1,1,1,1,1,1,1,1,1,1,1,1
123.017,7 days,2,1,1,1,1,1,1,1,1,1,1,1,1
123.028,1324 days,1,1,1,1,1,1,1,1,1,1,1,1,1
123.036,7 days,1,1,1,1,1,1,1,1,1,1,1,1,1
123.038,76 days,1,1,1,1,1,1,1,1,1,1,1,1,1
123.043,7 days,2,1,1,1,1,1,1,1,1,1,1,1,1
123.055,8 days,2,1,1,1,1,1,1,1,1,1,1,1,1
123.056,7 days,2,1,1,1,1,1,1,1,1,1,1,1,1
123.062,105 days,0,1,1,1,1,1,1,1,1,1,1,1,1
123.066,8 days,3,1,1,1,1,1,1,1,1,1,1,1,1
123.105,7 days,1,1,1,1,1,1,1,1,1,1,1,1,1
123.109,21 days,2,1,1,1,1,1,1,1,1,1,1,1,1
123.342,7 days,0,1,1,1,1,1,1,1,1,1,1,1,1
123.466,79 days,0,1,1,1,1,1,1,1,1,1,1,1,1
123.906,7 days,1,1,1,1,1,1,1,1,1,1,1,1,1
123.911,252 days,3,1,1,1,1,1,1,1,1,1,1,1,1
123.935,126 days,2,1,1,1,1,1,1,1,1,1,1,1,1
123.95,497 days,2,1,1,1,1,1,1,1,1,1,1,1,1
123.97,1750 days,1,1,1,1,1,1,1,1,1,1,1,1,1
123.978,98 days,2,1,1,1,1,1,1,1,1,1,1,1,1
123.984,352 days,1,1,1,1,1,1,1,1,1,1,1,1,1
123.989,63 days,2,1,1,1,1,1,1,1,1,1,1,1,1
123.994,637 days,2,1,1,1,1,1,1,1,1,1,1,1,1
123.999,7 days,1,1,1,1,1,1,1,1,1,1,1,1,1
124.002,56 days,2,1,1,1,1,1,1,1,1,1,1,1,1
124.009,266 days,3,1,1,1,1,1,1,1,1,1,1,1,1
124.01,7 days,3,1,1,1,1,1,1,1,1,1,1,1,1
124.011,553 days,0,1,1,1,1,1,1,1,1,1,1,1,1
124.025,102 days,1,1,1,1,1,1,1,1,1,1,1,1,1
124.026,36 days,0,1,1,1,1,1,1,1,1,1,1,1,1
124.036,7 days,1,1,1,1,1,1,1,1,1,1,1,1,1
124.038,7 days,1,1,1,1,1,1,1,1,1,1,1,1,1
124.051,112 days,2,1,1,1,1,1,1,1,1,1,1,1,1
124.053,2849 days,1,1,1,1,1,1,1,1,1,1,1,1,1
124.08,336 days,2,1,1,1,1,1,1,1,1,1,1,1,1
124.08,3076 days,2,1,1,1,1,1,1,1,1,1,1,1,1
124.097,35 days,2,1,1,1,1,1,1,1,1,1,1,1,1
124.111,71 days,1,1,1,1,1,1,1,1,1,1,1,1,1
124.114,105 days,1,1,1,1,1,1,1,1,1,1,1,1,1
124.148,189 days,0,1,1,1,1,1,1,1,1,1,1,1,1
124.603,7 days,2,1,1,1,1,1,1,1,1,1,1,1,1
124.876,644 days,0,1,1,1,1,1,1,1,1,1,1,1,1
124.889,14 days,3,1,1,1,1,1,1,1,1,1,1,1,1
124.912,7 days,1,1,1,1,1,1,1,1,1,1,1,1,1
124.917,0 days,3,1,1,1,1,1,1,1,1,1,1,1,1
124.917,112 days,3,1,1,1,1,1,1,1,1,1,1,1,1
124.917,259 days,3,1,1,1,1,1,1,1,1,1,1,1,1
124.918,112 days,2,1,1,1,1,1,1,1,1,1,1,1,1
124.925,7 days,2,1,1,1,1,1,1,1,1,1,1,1,1
124.939,7 days,1,1,1,1,1,1,1,1,1,1,1,1,1
124.949,1106 days,2,1,1,1,1,1,1,1,1,1,1,1,1
124.959,567 days,1,1,1,1,1,1,1,1,1,1,1,1,1
124.962,252 days,2,1,1,1,1,1,1,1,1,1,1,1,1
124.988,84 days,2,1,1,1,1,1,1,1,1,1,1,1,1
124.99,2982 days,3,1,1,1,1,1,1,1,1,1,1,1,1
124.993,56 days,1,1,1,1,1,1,1,1,1,1,1,1,1
124.995,8 days,1,1,1,1,1,1,1,1,1,1,1,1,1
124.996,35 days,3,1,1,1,1,1,1,1,1,1,1,1,1
125.021,314 days,2,1,1,1,1,1,1,1,1,1,1,1,1
125.028,27 days,1,1,1,1,1,1,1,1,1,1,1,1,1
125.038,111 days,2,1,1,1,1,1,1,1,1,1,1,1,1
125.092,7 days,0,1,1,1,1,1,1,1,1,1,1,1,1
125.177,7 days,1,1,1,1,1,1,1,1,1,1,1,1,1
125.641,8 days,1,1,1,1,1,1,1,1,1,1,1,1,1
125.706,80 days,0,1,1,1,1,1,1,1,1,1,1,1,1
125.904,7 days,1,1,1,1,1,1,1,1,1,1,1,1,1
125.926,15282 days,3,1,1,1,1,1,1,1,1,1,1,1,1
125.957,231 days,0,1,1,1,1,1,1,1,1,1,1,1,1
125.971,98 days,1,1,1,1,1,1,1,1,1,1,1,1,1
125.982,21 days,2,1,1,1,1,1,1,1,1,1,1,1,1
125.983,7 days,0,1,1,1,1,1,1,1,1,1,1,1,1
125.983,2767 days,2,1,1,1,1,1,1,1,1,1,1,1,1
125.987,7 days,1,1,1,1,1,1,1,1,1,1,1,1,1
125.989,92 days,2,1,1,1,1,1,1,1,1,1,1,1,1
125.993,77 days,2,1,1,1,1,1,1,1,1,1,1,1,1
125.994,28 days,1,1,1,1,1,1,1,1,1,1,1,1,1
126.002,7 days,2,1,1,1,1,1,1,1,1,1,1,1,1
126.011,2208 days,2,1,1,1,1,1,1,1,1,1,1,1,1
126.019,7 days,2,1,1,1,1,1,1,1,1,1,1,1,1
126.026,14 days,2,1,1,1,1,1,1,1,1,1,1,1,1
126.03,63 days,1,1,1,1,1,1,1,1,1,1,1,1,1
126.039,7 days,3,1,1,1,1,1,1,1,1,1,1,1,1
126.054,7 days,0,1,1,1,1,1,1,1,1,1,1,1,1
126.063,7 days,2,1,1,1,1,1,1,1,1,1,1,1,1
126.093,1323 days,1,1,1,1,1,1,1,1,1,1,1,1,1
126.576,8 days,0,1,1,1,1,1,1,1,1,1,1,1,1
126.627,21178 days,1,1,1,1,1,1,1,1,1,1,1,1,1
126.684,847 days,1,1,1,1,1,1,1,1,1,1,1,1,1
126.77,112 days,3,1,1,1,1,1,1,1,1,1,1,1,1
126.803,99 days,1,1,1,1,1,1,1,1,1,1,1,1,1
126.803,106 days,1,1,1,1,1,1,1,1,1,1,1,1,1
126.899,455 days,3,1,1,1,1,1,1,1,1,1,1,1,1
126.904,64 days,0,1,1,1,1,1,1,1,1,1,1,1,1
126.986,13 days,2,1,1,1,1,1,1,1,1,1,1,1,1
126.989,42 days,3,1,1,1,1,1,1,1,1,1,1,1,1
127.047,22 days,0,1,1,1,1,1,1,1,1,1,1,1,1
127.138,7 days,1,1,1,1,1,1,1,1,1,1,1,1,1
127.298,7 days,1,1,1,1,1,1,1,1,1,1,1,1,1
127.596,7 days,2,1,1,1,1,1,1,1,1,1,1,1,1
127.698,7 days,2,1,1,1,1,1,1,1,1,1,1,1,1
127.894,7 days,1,1,1,1,1,1,1,1,1,1,1,1,1
127.938,7 days,2,1,1,1,1,1,1,1,1,1,1,1,1
127.949,36 days,1,1,1,1,1,1,1,1,1,1,1,1,1
127.954,245 days,1,1,1,1,1,1,1,1,1,1,1,1,1
127.96,91 days,2,1,1,1,1,1,1,1,1,1,1,1,1
127.967,7 days,2,1,1,1,1,1,1,1,1,1,1,1,1
127.97,7 days,1,1,1,1,1,1,1,1,1,1,1,1,1
127.977,7 days,0,1,1,1,1,1,1,1,1,1,1,1,1
127.978,28 days,1,1,1,1,1,1,1,1,1,1,1,1,1
127.984,7 days,1,1,1,1,1,1,1,1,1,1,1,1,1
127.987,8 days,2,1,1,1,1,1,1,1,1,1,1,1,1
127.99,7 days,2,1,1,1,1,1,1,1,1,1,1,1,1
127.998,63 days,1,1,1,1,1,1,1,1,1,1,1,1,1
128.006,7 days,1,1,1,1,1,1,1,1,1,1,1,1,1
128.009,840 days,2,1,1,1,1,1,1,1,1,1,1,1,1
128.012,0 days,2,1,1,1,1,1,1,1,1,1,1,1,1
128.012,7 days,2,1,1,1,1,1,1,1,1,1,1,1,1
128.017,70 days,2,1,1,1,1,1,1,1,1,1,1,1,1
128.02,7 days,1,1,1,1,1,1,1,1,1,1,1,1,1
128.021,8 days,2,1,1,1,1,1,1,1,1,1,1,1,1
128.03,7 days,2,1,1,1,1,1,1,1,1,1,1,1,1
128.031,7 days,2,1,1,1,1,1,1,1,1,1,1,1,1
128.044,7 days,1,1,1,1,1,1,1,1,1,1,1,1,1
128.047,637 days,0,1,1,1,1,1,1,1,1,1,1,1,1
128.048,56 days,3,1,1,1,1,1,1,1,1,1,1,1,1
128.05,78 days,3,1,1,1,1,1,1,1,1,1,1,1,1
128.052,469 days,2,1,1,1,1,1,1,1,1,1,1,1,1
128.111,8 days,3,1,1,1,1,1,1,1,1,1,1,1,1
128.706,13569 days,3,1,1,1,1,1,1,1,1,1,1,1,1
128.897,18334 days,2,1,1,1,1,1,1,1,1,1,1,1,1
128.945,2422 days,1,1,1,1,1,1,1,1,1,1,1,1,1
128.977,161 days,3,1,1,1,1,1,1,1,1,1,1,1,1
128.986,7 days,1,1,1,1,1,1,1,1,1,1,1,1,1
129.017,18 days,2,1,1,1,1,1,1,1,1,1,1,1,1
129.039,206 days,2,1,1,1,1,1,1,1,1,1,1,1,1
129.06,7 days,2,1,1,1,1,1,1,1,1,1,1,1,1
129.062,3751 days,2,1,1,1,1,1,1,1,1,1,1,1,1
129.079,105 days,0,1,1,1,1,1,1,1,1,1,1,1,1
129.63,73 days,3,1,1,1,1,1,1,1,1,1,1,1,1
129.642,84 days,0,1,1,1,1,1,1,1,1,1,1,1,1
129.847,7 days,1,1,1,1,1,1,1,1,1,1,1,1,1
129.857,77 days,1,1,1,1,1,1,1,1,1,1,1,1,1
129.86,7 days,0,1,1,1,1,1,1,1,1,1,1,1,1
129.895,7 days,0,1,1,1,1,1,1,1,1,1,1,1,1
129.915,7 days,1,1,1,1,1,1,1,1,1,1,1,1,1
129.928,13 days,3,1,1,1,1,1,1,1,1,1,1,1,1
129.93,7 days,3,1,1,1,1,1,1,1,1,1,1,1,1
129.945,7 days,2,1,1,1,1,1,1,1,1,1,1,1,1
129.953,1260 days,2,1,1,1,1,1,1,1,1,1,1,1,1
129.957,7 days,1,1,1,1,1,1,1,1,1,1,1,1,1
129.96,91 days,3,1,1,1,1,1,1,1,1,1,1,1,1
129.962,5 days,1,1,1,1,1,1,1,1,1,1,1,1,1
129.964,1 days,2,1,1,1,1,1,1,1,1,1,1,1,1
129.964,4102 days,2,1,1,1,1,1,1,1,1,1,1,1,1
129.966,26 days,2,1,1,1,1,1,1,1,1,1,1,1,1
129.967,7 days,1,2,2,2,2,2,2,2,2,2,2,2,2
129.972,44 days,3,1,1,1,1,1,1,1,1,1,1,1,1
129.972,189 days,1,1,1,1,1,1,1,1,1,1,1,1,1
129.979,7 days,1,1,1,1,1,1,1,1,1,1,1,1,1
129.987,10 days,0,1,1,1,1,1,1,1,1,1,1,1,1
129.988,126 days,1,1,1,1,1,1,1,1,1,1,1,1,1
129.991,7 days,2,1,1,1,1,1,1,1,1,1,1,1,1
129.992,224 days,2,1,1,1,1,1,1,1,1,1,1,1,1
129.995,7 days,2,1,1,1,1,1,1,1,1,1,1,1,1
130.001,36 days,1,1,1,1,1,1,1,1,1,1,1,1,1
130.003,6 days,3,1,1,1,1,1,1,1,1,1,1,1,1
130.007,7 days,2,1,1,1,1,1,1,1,1,1,1,1,1
130.009,7 days,2,1,1,1,1,1,1,1,1,1,1,1,1
130.015,8 days,2,1,1,1,1,1,1,1,1,1,1,1,1
130.019,7 days,2,1,1,1,1,1,1,1,1,1,1,1,1
130.02,28 days,3,1,1,1,1,1,1,1,1,1,1,1,1
130.022,59 days,2,1,1,1,1,1,1,1,1,1,1,1,1
130.029,7 days,0,1,1,1,1,1,1,1,1,1,1,1,1
130.029,42 days,1,1,1,1,1,1,1,1,1,1,1,1,1
130.032,91 days,1,1,1,1,1,1,1,1,1,1,1,1,1
130.033,7 days,1,1,1,1,1,1,1,1,1,1,1,1,1
130.033,7 days,2,1,1,1,1,1,1,1,1,1,1,1,1
130.036,7 days,0,1,1,1,1,1,1,1,1,1,1,1,1
130.036,22639 days,2,1,1,1,1,1,1,1,1,1,1,1,1
130.041,35 days,0,1,1,1,1,1,1,1,1,1,1,1,1
130.058,56 days,2,1,1,1,1,1,1,1,1,1,1,1,1
130.117,7 days,0,1,1,1,1,1,1,1,1,1,1,1,1
130.503,28848 days,0,1,1,1,1,1,1,1,1,1,1,1,1
130.594,224 days,3,1,1,1,1,1,1,1,1,1,1,1,1
130.97,200 days,1,1,1,1,1,1,1,1,1,1,1,1,1
131.194,7 days,2,1,1,1,1,1,1,1,1,1,1,1,1
131.798,21 days,0,1,1,1,1,1,1,1,1,1,1,1,1
131.875,455 days,2,1,1,1,1,1,1,1,1,1,1,1,1
131.988,21 days,3,1,1,1,1,1,1,1,1,1,1,1,1
131.999,43 days,1,1,1,1,1,1,1,1,1,1,1,1,1
132.008,7 days,1,1,1,1,1,1,1,1,1,1,1,1,1
132.037,10 days,0,1,1,1,1,1,1,1,1,1,1,1,1
132.062,1470 days,0,1,1,1,1,1,1,1,1,1,1,1,1
132.507,112 days,3,1,1,1,1,1,1,1,1,1,1,1,1
132.936,7 days,3,1,1,1,1,1,1,1,1,1,1,1,1
133.002,259 days,2,1,1,1,1,1,1,1,1,1,1,1,1
133.028,9 days,2,1,1,1,1,1,1,1,1,1,1,1,1
133.037,7 days,2,1,1,1,1,1,1,1,1,1,1,1,1
133.073,42 days,1,1,1,1,1,1,1,1,1,1,1,1,1
133.082,7 days,2,1,1,1,1,1,1,1,1,1,1,1,1
133.503,7 days,1,1,1,1,1,1,1,1,1,1,1,1,1
133.873,7 days,0,1,1,1,1,1,1,1,1,1,1,1,1
133.888,14 days,3,1,1,1,1,1,1,1,1,1,1,1,1
133.928,0 days,2,1,1,1,1,1,1,1,1,1,1,1,1
133.928,7 days,3,1,1,1,1,1,1,1,1,1,1,1,1
133.928,168 days,3,1,1,1,1,1,1,1,1,1,1,1,1
133.971,7 days,1,1,1,1,1,1,1,1,1,1,1,1,1
133.976,7 days,2,1,1,1,1,1,1,1,1,1,1,1,1
133.997,7 days,0,2,2,2,2,2,2,2,2,2,2,2,2
134.002,385 days,1,1,1,1,1,1,1,1,1,1,1,1,1
134.002,1330 days,2,1,1,1,1,1,1,1,1,1,1,1,1
134.009,22639 days,2,1,1,1,1,1,1,1,1,1,1,1,1
134.01,8 days,2,1,1,1,1,1,1,1,1,1,1,1,1
134.012,169 days,3,1,1,1,1,1,1,1,1,1,1,1,1
134.021,1043 days,1,1,1,1,1,1,1,1,1,1,1,1,1
134.041,8 days,0,1,1,1,1,1,1,1,1,1,1,1,1
134.17,728 days,0,1,1,1,1,1,1,1,1,1,1,1,1
134.935,7 days,0,1,1,1,1,1,1,1,1,1,1,1,1
134.944,7 days,2,1,1,1,1,1,1,1,1,1,1,1,1
134.953,7 days,1,1,1,1,1,1,1,1,1,1,1,1,1
134.997,8 days,1,1,1,1,1,1,1,1,1,1,1,1,1
134.999,56 days,2,1,1,1,1,1,1,1,1,1,1,1,1
135.005,41 days,2,1,1,1,1,1,1,1,1,1,1,1,1
135.031,7 days,2,1,1,1,1,1,1,1,1,1,1,1,1
135.033,7 days,3,1,1,1,1,1,1,1,1,1,1,1,1
135.128,560 days,2,1,1,1,1,1,1,1,1,1,1,1,1
135.14,63 days,2,1,1,1,1,1,1,1,1,1,1,1,1
135.154,8 days,0,1,1,1,1,1,1,1,1,1,1,1,1
135.187,3567 days,1,1,1,1,1,1,1,1,1,1,1,1,1
135.379,203 days,2,1,1,1,1,1,1,1,1,1,1,1,1
135.781,7 days,1,1,1,1,1,1,1,1,1,1,1,1,1
135.859,7 days,0,1,1,1,1,1,1,1,1,1,1,1,1
135.886,7 days,1,1,1,1,1,1,1,1,1,1,1,1,1
135.909,7 days,2,1,1,1,1,1,1,1,1,1,1,1,1
135.921,8 days,1,1,1,1,1,1,1,1,1,1,1,1,1
135.942,7 days,2,1,1,1,1,1,1,1,1,1,1,1,1
135.976,7 days,0,1,1,1,1,1,1,1,1,1,1,1,1
135.984,273 days,1,1,1,1,1,1,1,1,1,1,1,1,1
136.006,7 days,0,1,1,1,1,1,1,1,1,1,1,1,1
136.029,455 days,0,1,1,1,1,1,1,1,1,1,1,1,1
136.041,196 days,2,2,2,2,2,2,2,2,2,2,2,2,2
136.041,477 days,2,1,1,1,1,1,1,1,1,1,1,1,1
136.103,7 days,0,1,1,1,1,1,1,1,1,1,1,1,1
136.471,22639 days,3,1,1,1,1,1,1,1,1,1,1,1,1
136.97,29 days,1,1,1,1,1,1,1,1,1,1,1,1,1
136.97,56 days,2,1,1,1,1,1,1,1,1,1,1,1,1
136.985,7 days,1,1,1,1,1,1,1,1,1,1,1,1,1
137.024,7 days,2,1,1,1,1,1,1,1,1,1,1,1,1
137.131,7 days,1,1,1,1,1,1,1,1,1,1,1,1,1
137.22,10 days,1,1,1,1,1,1,1,1,1,1,1,1,1
137.421,560 days,0,1,1,1,1,1,1,1,1,1,1,1,1
137.494,771 days,2,1,1,1,1,1,1,1,1,1,1,1,1
137.941,4264 days,0,1,1,1,1,1,1,1,1,1,1,1,1
137.958,217 days,3,1,1,1,1,1,1,1,1,1,1,1,1
137.973,21 days,3,1,1,1,1,1,1,1,1,1,1,1,1
137.997,215 days,1,1,1,1,1,1,1,1,1,1,1,1,1
138.005,7 days,1,1,1,1,1,1,1,1,1,1,1,1,1
138.023,84 days,3,1,1,1,1,1,1,1,1,1,1,1,1
138.034,7 days,2,1,1,1,1,1,1,1,1,1,1,1,1
138.066,11 days,3,1,1,1,1,1,1,1,1,1,1,1,1
138.066,88 days,3,1,1,1,1,1,1,1,1,1,1,1,1
138.999,7 days,2,1,1,1,1,1,1,1,1,1,1,1,1
139.02,224 days,1,1,1,1,1,1,1,1,1,1,1,1,1
139.745,7 days,3,1,1,1,1,1,1,1,1,1,1,1,1
139.863,343 days,1,1,1,1,1,1,1,1,1,1,1,1,1
139.864,7 days,1,1,1,1,1,1,1,1,1,1,1,1,1
139.883,7 days,0,1,1,1,1,1,1,1,1,1,1,1,1
139.891,7 days,1,1,1,1,1,1,1,1,1,1,1,1,1
139.898,308 days,0,1,1,1,1,1,1,1,1,1,1,1,1
139.915,7 days,1,1,1,1,1,1,1,1,1,1,1,1,1
139.919,126 days,1,1,1,1,1,1,1,1,1,1,1,1,1
139.928,7 days,1,1,1,1,1,1,1,1,1,1,1,1,1
139.933,8 days,2,1,1,1,1,1,1,1,1,1,1,1,1
139.949,7 days,2,1,1,1,1,1,1,1,1,1,1,1,1
139.952,63 days,2,1,1,1,1,1,1,1,1,1,1,1,1
139.957,7 days,1,1,1,1,1,1,1,1,1,1,1,1,1
139.957,42 days,1,1,1,1,1,1,1,1,1,1,1,1,1
139.964,9 days,0,1,1,1,1,1,1,1,1,1,1,1,1
139.966,18 days,3,1,1,1,1,1,1,1,1,1,1,1,1
139.968,6 days,2,1,1,1,1,1,1,1,1,1,1,1,1
139.98,7 days,3,1,1,1,1,1,1,1,1,1,1,1,1
139.98,140 days,1,1,1,1,1,1,1,1,1,1,1,1,1
139.982,14 days,2,1,1,1,1,1,1,1,1,1,1,1,1
139.986,14603 days,1,1,1,1,1,1,1,1,1,1,1,1,1
139.987,11 days,1,1,1,1,1,1,1,1,1,1,1,1,1
139.988,7 days,1,1,1,1,1,1,1,1,1,1,1,1,1
139.989,7 days,1,1,1,1,1,1,1,1,1,1,1,1,1
139.991,644 days,3,1,1,1,1,1,1,1,1,1,1,1,1
139.995,8 days,1,1,1,1,1,1,1,1,1,1,1,1,1
139.999,7 days,1,1,1,1,1,1,1,1,1,1,1,1,1
140.005,8 days,0,1,1,1,1,1,1,1,1,1,1,1,1
140.007,7 days,3,1,1,1,1,1,1,1,1,1,1,1,1
140.013,7 days,2,1,1,1,1,1,1,1,1,1,1,1,1
140.013,22 days,2,1,1,1,1,1,1,1,1,1,1,1,1
140.02,262 days,2,1,1,1,1,1,1,1,1,1,1,1,1
140.021,7 days,0,2,2,2,2,2,2,2,2,2,2,2,2
140.028,7 days,1,1,1,1,1,1,1,1,1,1,1,1,1
140.032,7 days,3,1,1,1,1,1,1,1,1,1,1,1,1
140.033,7 days,0,1,1,1,1,1,1,1,1,1,1,1,1
140.04,14 days,1,1,1,1,1,1,1,1,1,1,1,1,1
140.04,70 days,1,1,1,1,1,1,1,1,1,1,1,1,1
140.045,9 days,1,1,1,1,1,1,1,1,1,1,1,1,1
140.048,329 days,1,1,1,1,1,1,1,1,1,1,1,1,1
140.057,7 days,2,1,1,1,1,1,1,1,1,1,1,1,1
140.061,7 days,2,1,1,1,1,1,1,1,1,1,1,1,1
140.1,7 days,3,1,1,1,1,1,1,1,1,1,1,1,1
140.105,7 days,1,1,1,1,1,1,1,1,1,1,1,1,1
140.201,176 days,2,1,1,1,1,1,1,1,1,1,1,1,1
140.223,7 days,1,1,1,1,1,1,1,1,1,1,1,1,1
140.248,7 days,2,1,1,1,1,1,1,1,1,1,1,1,1
140.308,17248 days,3,1,1,1,1,1,1,1,1,1,1,1,1
140.369,7 days,2,1,1,1,1,1,1,1,1,1,1,1,1
140.467,20447 days,3,1,1,1,1,1,1,1,1,1,1,1,1
140.894,7 days,1,1,1,1,1,1,1,1,1,1,1,1,1
140.945,7 days,3,1,1,1,1,1,1,1,1,1,1,1,1
140.958,637 days,0,1,1,1,1,1,1,1,1,1,1,1,1
141.016,11 days,1,1,1,1,1,1,1,1,1,1,1,1,1
141.02,22 days,2,1,1,1,1,1,1,1,1,1,1,1,1
141.02,132 days,2,1,1,1,1,1,1,1,1,1,1,1,1
141.034,7 days,2,1,1,1,1,1,1,1,1,1,1,1,1
141.035,13 days,2,1,1,1,1,1,1,1,1,1,1,1,1
141.087,70 days,2,1,1,1,1,1,1,1,1,1,1,1,1
141.641,7 days,0,1,1,1,1,1,1,1,1,1,1,1,1
141.82,77 days,2,1,1,1,1,1,1,1,1,1,1,1,1
141.87,7 days,2,1,1,1,1,1,1,1,1,1,1,1,1
141.881,7 days,1,1,1,1,1,1,1,1,1,1,1,1,1
141.916,7 days,2,1,1,1,1,1,1,1,1,1,1,1,1
141.937,56 days,0,1,1,1,1,1,1,1,1,1,1,1,1
141.97,7 days,3,1,1,1,1,1,1,1,1,1,1,1,1
142.009,14 days,2,1,1,1,1,1,1,1,1,1,1,1,1
142.016,8 days,1,1,1,1,1,1,1,1,1,1,1,1,1
142.017,7 days,0,1,1,1,1,1,1,1,1,1,1,1,1
142.018,9 days,0,1,1,1,1,1,1,1,1,1,1,1,1
142.025,7 days,1,1,1,1,1,1,1,1,1,1,1,1,1
142.034,7 days,2,1,1,1,1,1,1,1,1,1,1,1,1
142.037,7 days,2,1,1,1,1,1,1,1,1,1,1,1,1
142.039,7 days,2,1,1,1,1,1,1,1,1,1,1,1,1
142.04,7 days,1,1,1,1,1,1,1,1,1,1,1,1,1
142.046,7 days,0,1,1,1,1,1,1,1,1,1,1,1,1
142.049,560 days,1,1,1,1,1,1,1,1,1,1,1,1,1
142.069,13 days,2,1,1,1,1,1,1,1,1,1,1,1,1
142.086,7 days,3,1,1,1,1,1,1,1,1,1,1,1,1
142.094,350 days,2,1,1,1,1,1,1,1,1,1,1,1,1
142.169,9544 days,3,1,1,1,1,1,1,1,1,1,1,1,1
142.347,7 days,3,1,1,1,1,1,1,1,1,1,1,1,1
142.592,21 days,1,1,1,1,1,1,1,1,1,1,1,1,1
142.731,7 days,1,1,1,1,1,1,1,1,1,1,1,1,1
142.879,7 days,2,1,1,1,1,1,1,1,1,1,1,1,1
142.933,7 days,2,1,1,1,1,1,1,1,1,1,1,1,1
142.948,34 days,3,1,1,1,1,1,1,1,1,1,1,1,1
142.948,70 days,0,1,1,1,1,1,1,1,1,1,1,1,1
142.959,119 days,1,1,1,1,1,1,1,1,1,1,1,1,1
142.977,7 days,2,1,1,1,1,1,1,1,1,1,1,1,1
142.989,7 days,3,1,1,1,1,1,1,1,1,1,1,1,1
143.01,7 days,1,1,1,1,1,1,1,1,1,1,1,1,1
143.044,8 days,1,1,1,1,1,1,1,1,1,1,1,1,1
143.078,7 days,0,1,1,1,1,1,1,1,1,1,1,1,1
143.477,7 days,1,1,1,1,1,1,1,1,1,1,1,1,1
143.783,8 days,1,1,1,1,1,1,1,1,1,1,1,1,1
143.86,175 days,3,1,1,1,1,1,1,1,1,1,1,1,1
143.875,63 days,0,1,1,1,1,1,1,1,1,1,1,1,1
143.883,16114 days,0,1,1,1,1,1,1,1,1,1,1,1,1
143.896,7 days,0,1,1,1,1,1,1,1,1,1,1,1,1
143.95,1190 days,1,1,1,1,1,1,1,1,1,1,1,1,1
143.971,8 days,2,1,1,1,1,1,1,1,1,1,1,1,1
143.979,8 days,2,1,1,1,1,1,1,1,1,1,1,1,1
143.995,5 days,3,1,1,1,1,1,1,1,1,1,1,1,1
144.011,488 days,2,1,1,1,1,1,1,1,1,1,1,1,1
144.015,7 days,2,1,1,1,1,1,1,1,1,1,1,1,1
144.018,49 days,0,1,1,1,1,1,1,1,1,1,1,1,1
144.026,139 days,1,1,1,1,1,1,1,1,1,1,1,1,1
144.064,7 days,0,1,1,1,1,1,1,1,1,1,1,1,1
144.081,7 days,2,1,1,1,1,1,1,1,1,1,1,1,1
144.497,298 days,1,1,1,1,1,1,1,1,1,1,1,1,1
144.511,86 days,2,1,1,1,1,1,1,1,1,1,1,1,1
144.833,539 days,0,1,1,1,1,1,1,1,1,1,1,1,1
144.89,227 days,0,1,1,1,1,1,1,1,1,1,1,1,1
144.955,14 days,2,1,1,1,1,1,1,1,1,1,1,1,1
144.978,7 days,0,1,1,1,1,1,1,1,1,1,1,1,1
144.989,7 days,0,1,1,1,1,1,1,1,1,1,1,1,1
144.991,7 days,2,1,1,1,1,1,1,1,1,1,1,1,1
144.995,7 days,0,1,1,1,1,1,1,1,1,1,1,1,1
145.001,7 days,1,1,1,1,1,1,1,1,1,1,1,1,1
145.012,8 days,1,1,1,1,1,1,1,1,1,1,1,1,1
145.013,5 days,3,1,1,1,1,1,1,1,1,1,1,1,1
145.013,28 days,3,1,1,1,1,1,1,1,1,1,1,1,1
145.013,30 days,3,1,1,1,1,1,1,1,1,1,1,1,1
145.038,616 days,1,1,1,1,1,1,1,1,1,1,1,1,1
145.043,7 days,1,1,1,1,1,1,1,1,1,1,1,1,1
145.05,7 days,2,1,1,1,1,1,1,1,1,1,1,1,1
145.074,7 days,2,1,1,1,1,1,1,1,1,1,1,1,1
145.104,56 days,1,1,1,1,1,1,1,1,1,1,1,1,1
145.115,7 days,0,1,1,1,1,1,1,1,1,1,1,1,1
145.396,8 days,1,1,1,1,1,1,1,1,1,1,1,1,1
145.68,7 days,2,1,1,1,1,1,1,1,1,1,1,1,1
145.74,7 days,0,1,1,1,1,1,1,1,1,1,1,1,1
145.765,7 days,2,1,1,1,1,1,1,1,1,1,1,1,1
145.837,3867 days,0,1,1,1,1,1,1,1,1,1,1,1,1
145.916,7 days,1,1,1,1,1,1,1,1,1,1,1,1,1
145.921,7 days,1,1,1,1,1,1,1,1,1,1,1,1,1
145.953,7 days,1,1,1,1,1,1,1,1,1,1,1,1,1
145.976,7 days,0,1,1,1,1,1,1,1,1,1,1,1,1
145.979,7 days,0,1,1,1,1,1,1,1,1,1,1,1,1
145.999,7 days,1,1,1,1,1,1,1,1,1,1,1,1,1
146.013,147 days,3,1,1,1,1,1,1,1,1,1,1,1,1
146.035,413 days,2,1,1,1,1,1,1,1,1,1,1,1,1
146.04,1057 days,0,1,1,1,1,1,1,1,1,1,1,1,1
146.078,3125 days,3,1,1,1,1,1,1,1,1,1,1,1,1
146.172,3734 days,1,1,1,1,1,1,1,1,1,1,1,1,1
146.861,224 days,3,1,1,1,1,1,1,1,1,1,1,1,1
146.933,140 days,3,1,1,1,1,1,1,1,1,1,1,1,1
146.95,11 days,3,1,1,1,1,1,1,1,1,1,1,1,1
146.967,7 days,2,1,1,1,1,1,1,1,1,1,1,1,1
147.004,7 days,0,1,1,1,1,1,1,1,1,1,1,1,1
147.023,28 days,1,1,1,1,1,1,1,1,1,1,1,1,1
147.08,7346 days,2,1,1,1,1,1,1,1,1,1,1,1,1
147.279,7 days,0,1,1,1,1,1,1,1,1,1,1,1,1
147.575,7 days,3,1,1,1,1,1,1,1,1,1,1,1,1
147.589,7 days,0,1,1,1,1,1,1,1,1,1,1,1,1
147.897,15 days,2,1,1,1,1,1,1,1,1,1,1,1,1
147.912,6 days,1,1,1,1,1,1,1,1,1,1,1,1,1
147.922,7 days,2,1,1,1,1,1,1,1,1,1,1,1,1
147.957,7 days,2,1,1,1,1,1,1,1,1,1,1,1,1
147.962,59 days,3,1,1,1,1,1,1,1,1,1,1,1,1
147.967,5 days,3,1,1,1,1,1,1,1,1,1,1,1,1
147.982,6 days,2,1,1,1,1,1,1,1,1,1,1,1,1
147.986,0 days,3,1,1,1,1,1,1,1,1,1,1,1,1
147.986,35 days,3,1,1,1,1,1,1,1,1,1,1,1,1
147.988,7 days,2,1,1,1,1,1,1,1,1,1,1,1,1
148.009,7 days,1,1,1,1,1,1,1,1,1,1,1,1,1
148.014,7 days,2,1,1,1,1,1,1,1,1,1,1,1,1
148.017,6233 days,0,1,1,1,1,1,1,1,1,1,1,1,1
148.035,7 days,1,1,1,1,1,1,1,1,1,1,1,1,1
148.062,7 days,0,1,1,1,1,1,1,1,1,1,1,1,1
148.088,42 days,2,1,1,1,1,1,1,1,1,1,1,1,1
148.837,6667 days,3,1,1,1,1,1,1,1,1,1,1,1,1
148.949,7 days,1,1,1,1,1,1,1,1,1,1,1,1,1
148.964,252 days,2,1,1,1,1,1,1,1,1,1,1,1,1
149.367,6 days,3,1,1,1,1,1,1,1,1,1,1,1,1
149.756,7 days,0,1,1,1,1,1,1,1,1,1,1,1,1
149.836,7 days,2,1,1,1,1,1,1,1,1,1,1,1,1
149.881,7 days,1,1,1,1,1,1,1,1,1,1,1,1,1
149.903,28 days,2,1,1,1,1,1,1,1,1,1,1,1,1
149.95,71 days,3,1,1,1,1,1,1,1,1,1,1,1,1
149.967,45 days,1,1,1,1,1,1,1,1,1,1,1,1,1
149.972,7 days,0,1,1,1,1,1,1,1,1,1,1,1,1
149.978,8 days,0,1,1,1,1,1,1,1,1,1,1,1,1
149.981,8 days,2,1,1,1,1,1,1,1,1,1,1,1,1
149.982,7 days,3,1,1,1,1,1,1,1,1,1,1,1,1
149.992,10 days,1,1,1,1,1,1,1,1,1,1,1,1,1
149.995,7 days,3,1,1,1,1,1,1,1,1,1,1,1,1
149.996,7 days,2,1,1,1,1,1,1,1,1,1,1,1,1
149.996,93 days,1,1,1,1,1,1,1,1,1,1,1,1,1
150.006,59 days,3,1,1,1,1,1,1,1,1,1,1,1,1
150.007,637 days,0,1,1,1,1,1,1,1,1,1,1,1,1
150.032,7 days,2,1,1,1,1,1,1,1,1,1,1,1,1
150.044,7 days,1,1,1,1,1,1,1,1,1,1,1,1,1
150.06,22 days,3,1,1,1,1,1,1,1,1,1,1,1,1
150.062,7 days,0,1,1,1,1,1,1,1,1,1,1,1,1
150.063,7 days,2,1,1,1,1,1,1,1,1,1,1,1,1
150.068,126 days,0,1,1,1,1,1,1,1,1,1,1,1,1
150.068,280 days,0,1,1,1,1,1,1,1,1,1,1,1,1
150.073,420 days,1,1,1,1,1,1,1,1,1,1,1,1,1
150.075,7 days,2,1,1,1,1,1,1,1,1,1,1,1,1
150.076,64 days,3,1,1,1,1,1,1,1,1,1,1,1,1
150.084,11 days,3,1,1,1,1,1,1,1,1,1,1,1,1
150.093,7 days,2,1,1,1,1,1,1,1,1,1,1,1,1
150.134,44 days,2,1,1,1,1,1,1,1,1,1,1,1,1
150.273,9551 days,1,1,1,1,1,1,1,1,1,1,1,1,1
150.469,560 days,1,1,1,1,1,1,1,1,1,1,1,1,1
150.953,4477 days,2,1,1,1,1,1,1,1,1,1,1,1,1
150.964,49 days,2,1,1,1,1,1,1,1,1,1,1,1,1
151.016,8 days,2,1,1,1,1,1,1,1,1,1,1,1,1
151.042,476 days,1,1,1,1,1,1,1,1,1,1,1,1,1
151.251,2968 days,2,1,1,1,1,1,1,1,1,1,1,1,1
151.884,7 days,3,1,1,1,1,1,1,1,1,1,1,1,1
151.891,479 days,3,1,1,1,1,1,1,1,1,1,1,1,1
151.92,59 days,3,1,1,1,1,1,1,1,1,1,1,1,1
151.923,7 days,2,1,1,1,1,1,1,1,1,1,1,1,1
151.925,224 days,3,1,1,1,1,1,1,1,1,1,1,1,1
151.947,56 days,3,1,1,1,1,1,1,1,1,1,1,1,1
151.951,7 days,1,1,1,1,1,1,1,1,1,1,1,1,1
151.964,7 days,1,1,1,1,1,1,1,1,1,1,1,1,1
151.982,6 days,2,1,1,1,1,1,1,1,1,1,1,1,1
151.995,7 days,3,1,1,1,1,1,1,1,1,1,1,1,1
152.028,7 days,2,1,1,1,1,1,1,1,1,1,1,1,1
152.045,7 days,1,1,1,1,1,1,1,1,1,1,1,1,1
152.058,7 days,2,1,1,1,1,1,1,1,1,1,1,1,1
152.061,7 days,0,1,1,1,1,1,1,1,1,1,1,1,1
152.37,84 days,2,1,1,1,1,1,1,1,1,1,1,1,1
152.891,7 days,1,1,1,1,1,1,1,1,1,1,1,1,1
153.131,7 days,0,1,1,1,1,1,1,1,1,1,1,1,1
153.848,112 days,1,1,1,1,1,1,1,1,1,1,1,1,1
153.96,7 days,1,1,1,1,1,1,1,1,1,1,1,1,1
153.979,15 days,2,1,1,1,1,1,1,1,1,1,1,1,1
154.007,21 days,0,1,1,1,1,1,1,1,1,1,1,1,1
154.027,140 days,3,1,1,1,1,1,1,1,1,1,1,1,1
154.064,100 days,3,1,1,1,1,1,1,1,1,1,1,1,1
154.083,6 days,3,1,1,1,1,1,1,1,1,1,1,1,1
154.187,112 days,3,1,1,1,1,1,1,1,1,1,1,1,1
154.981,7 days,2,1,1,1,1,1,1,1,1,1,1,1,1
155.008,637 days,1,1,1,1,1,1,1,1,1,1,1,1,1
155.023,7 days,1,1,1,1,1,1,1,1,1,1,1,1,1
155.038,7 days,3,1,1,1,1,1,1,1,1,1,1,1,1
155.047,7 days,2,1,1,1,1,1,1,1,1,1,1,1,1
155.051,8 days,0,1,1,1,1,1,1,1,1,1,1,1,1
155.057,7 days,1,1,1,1,1,1,1,1,1,1,1,1,1
155.081,7 days,3,1,1,1,1,1,1,1,1,1,1,1,1
155.086,7 days,1,1,1,1,1,1,1,1,1,1,1,1,1
155.096,931 days,1,1,1,1,1,1,1,1,1,1,1,1,1
155.199,7 days,1,1,1,1,1,1,1,1,1,1,1,1,1
156.013,8 days,3,1,1,1,1,1,1,1,1,1,1,1,1
156.019,6 days,2,1,1,1,1,1,1,1,1,1,1,1,1
156.035,7 days,1,1,1,1,1,1,1,1,1,1,1,1,1
156.049,7 days,2,1,1,1,1,1,1,1,1,1,1,1,1
156.084,11 days,0,1,1,1,1,1,1,1,1,1,1,1,1
156.271,15029 days,2,1,1,1,1,1,1,1,1,1,1,1,1
157.005,63 days,1,1,1,1,1,1,1,1,1,1,1,1,1
157.181,7 days,1,1,1,1,1,1,1,1,1,1,1,1,1
157.878,301 days,0,1,1,1,1,1,1,1,1,1,1,1,1
157.895,7 days,2,1,1,1,1,1,1,1,1,1,1,1,1
157.905,7 days,1,1,1,1,1,1,1,1,1,1,1,1,1
157.932,22 days,3,1,1,1,1,1,1,1,1,1,1,1,1
157.941,7 days,3,1,1,1,1,1,1,1,1,1,1,1,1
157.999,7 days,0,1,1,1,1,1,1,1,1,1,1,1,1
158.024,3287 days,2,1,1,1,1,1,1,1,1,1,1,1,1
158.073,7 days,1,1,1,1,1,1,1,1,1,1,1,1,1
158.087,259 days,1,1,1,1,1,1,1,1,1,1,1,1,1
158.093,5 days,2,1,1,1,1,1,1,1,1,1,1,1,1
158.373,7 days,2,1,1,1,1,1,1,1,1,1,1,1,1
158.831,35 days,1,1,1,1,1,1,1,1,1,1,1,1,1
158.922,91 days,1,1,1,1,1,1,1,1,1,1,1,1,1
159.477,7 days,2,1,1,1,1,1,1,1,1,1,1,1,1
159.494,7 days,2,1,1,1,1,1,1,1,1,1,1,1,1
159.702,91 days,1,1,1,1,1,1,1,1,1,1,1,1,1
159.801,616 days,0,1,1,1,1,1,1,1,1,1,1,1,1
159.852,7 days,1,1,1,1,1,1,1,1,1,1,1,1,1
159.878,2614 days,2,1,1,1,1,1,1,1,1,1,1,1,1
159.905,14 days,1,1,1,1,1,1,1,1,1,1,1,1,1
159.93,7 days,2,1,1,1,1,1,1,1,1,1,1,1,1
159.966,553 days,2,1,1,1,1,1,1,1,1,1,1,1,1
159.972,28 days,3,1,1,1,1,1,1,1,1,1,1,1,1
159.999,8 days,0,1,1,1,1,1,1,1,1,1,1,1,1
160.004,126 days,2,1,1,1,1,1,1,1,1,1,1,1,1
160.013,85 days,3,1,1,1,1,1,1,1,1,1,1,1,1
160.013,134 days,3,1,1,1,1,1,1,1,1,1,1,1,1
160.048,21 days,1,1,1,1,1,1,1,1,1,1,1,1,1
160.052,7 days,2,1,1,1,1,1,1,1,1,1,1,1,1
160.057,7 days,2,1,1,1,1,1,1,1,1,1,1,1,1
160.061,322 days,3,1,1,1,1,1,1,1,1,1,1,1,1
160.064,222 days,3,1,1,1,1,1,1,1,1,1,1,1,1
160.065,8 days,2,1,1,1,1,1,1,1,1,1,1,1,1
160.095,7 days,1,1,1,1,1,1,1,1,1,1,1,1,1
160.984,155 days,2,1,1,1,1,1,1,1,1,1,1,1,1
161.032,7 days,1,1,1,1,1,1,1,1,1,1,1,1,1
161.884,7 days,0,1,1,1,1,1,1,1,1,1,1,1,1
161.989,788 days,0,1,1,1,1,1,1,1,1,1,1,1,1
161.993,3646 days,3,1,1,1,1,1,1,1,1,1,1,1,1
162.124,77 days,1,1,1,1,1,1,1,1,1,1,1,1,1
162.225,7 days,2,1,1,1,1,1,1,1,1,1,1,1,1
162.948,77 days,1,1,1,1,1,1,1,1,1,1,1,1,1
162.973,10 days,3,1,1,1,1,1,1,1,1,1,1,1,1
163.071,7 days,1,1,1,1,1,1,1,1,1,1,1,1,1
163.099,7 days,0,1,1,1,1,1,1,1,1,1,1,1,1
163.781,134 days,2,1,1,1,1,1,1,1,1,1,1,1,1
163.882,49 days,0,1,1,1,1,1,1,1,1,1,1,1,1
163.908,224 days,3,1,1,1,1,1,1,1,1,1,1,1,1
163.924,7 days,1,1,1,1,1,1,1,1,1,1,1,1,1
163.929,7 days,2,1,1,1,1,1,1,1,1,1,1,1,1
163.944,57 days,2,1,1,1,1,1,1,1,1,1,1,1,1
163.946,99 days,3,1,1,1,1,1,1,1,1,1,1,1,1
163.949,7 days,2,1,1,1,1,1,1,1,1,1,1,1,1
164.005,49 days,2,1,1,1,1,1,1,1,1,1,1,1,1
164.009,14 days,1,1,1,1,1,1,1,1,1,1,1,1,1
164.032,8 days,1,1,1,1,1,1,1,1,1,1,1,1,1
164.057,7 days,2,1,1,1,1,1,1,1,1,1,1,1,1
164.081,8 days,3,1,1,1,1,1,1,1,1,1,1,1,1
164.081,41 days,3,1,1,1,1,1,1,1,1,1,1,1,1
164.819,44 days,3,1,1,1,1,1,1,1,1,1,1,1,1
165.896,46 days,2,1,1,1,1,1,1,1,1,1,1,1,1
165.941,77 days,3,1,1,1,1,1,1,1,1,1,1,1,1
165.945,7 days,1,1,1,1,1,1,1,1,1,1,1,1,1
165.979,7 days,2,1,1,1,1,1,1,1,1,1,1,1,1
165.995,7 days,3,1,1,1,1,1,1,1,1,1,1,1,1
165.998,7 days,1,1,1,1,1,1,1,1,1,1,1,1,1
166.0,56 days,3,1,1,1,1,1,1,1,1,1,1,1,1
166.039,42 days,2,1,1,1,1,1,1,1,1,1,1,1,1
166.928,42 days,2,1,1,1,1,1,1,1,1,1,1,1,1
167.788,476 days,1,1,1,1,1,1,1,1,1,1,1,1,1
167.827,7 days,2,1,1,1,1,1,1,1,1,1,1,1,1
167.897,11 days,3,1,1,1,1,1,1,1,1,1,1,1,1
167.933,21 days,1,1,1,1,1,1,1,1,1,1,1,1,1
167.969,28 days,2,1,1,1,1,1,1,1,1,1,1,1,1
167.969,168 days,3,1,1,1,1,1,1,1,1,1,1,1,1
167.977,7 days,2,1,1,1,1,1,1,1,1,1,1,1,1
167.987,8 days,3,1,1,1,1,1,1,1,1,1,1,1,1
167.994,7 days,2,1,1,1,1,1,1,1,1,1,1,1,1
167.997,924 days,1,1,1,1,1,1,1,1,1,1,1,1,1
168.008,217 days,3,1,1,1,1,1,1,1,1,1,1,1,1
168.021,64 days,2,1,1,1,1,1,1,1,1,1,1,1,1
168.022,70 days,3,1,1,1,1,1,1,1,1,1,1,1,1
168.045,32 days,2,1,1,1,1,1,1,1,1,1,1,1,1
168.072,42 days,2,1,1,1,1,1,1,1,1,1,1,1,1
168.084,64 days,2,1,1,1,1,1,1,1,1,1,1,1,1
168.096,259 days,3,1,1,1,1,1,1,1,1,1,1,1,1
168.146,7 days,0,1,1,1,1,1,1,1,1,1,1,1,1
168.169,28 days,1,1,1,1,1,1,1,1,1,1,1,1,1
168.884,7 days,1,1,1,1,1,1,1,1,1,1,1,1,1
168.924,7 days,1,1,1,1,1,1,1,1,1,1,1,1,1
168.983,49 days,2,1,1,1,1,1,1,1,1,1,1,1,1
168.995,7 days,2,1,1,1,1,1,1,1,1,1,1,1,1
168.997,9 days,1,1,1,1,1,1,1,1,1,1,1,1,1
169.732,518 days,2,1,1,1,1,1,1,1,1,1,1,1,1
169.928,21 days,1,1,1,1,1,1,1,1,1,1,1,1,1
169.934,7 days,1,1,1,1,1,1,1,1,1,1,1,1,1
169.941,22 days,0,1,1,1,1,1,1,1,1,1,1,1,1
169.977,2121 days,2,1,1,1,1,1,1,1,1,1,1,1,1
169.982,7 days,1,1,1,1,1,1,1,1,1,1,1,1,1
170.001,154 days,3,1,1,1,1,1,1,1,1,1,1,1,1
170.002,25 days,2,1,1,1,1,1,1,1,1,1,1,1,1
170.004,7 days,3,1,1,1,1,1,1,1,1,1,1,1,1
170.062,7 days,1,1,1,1,1,1,1,1,1,1,1,1,1
170.064,22 days,3,1,1,1,1,1,1,1,1,1,1,1,1
170.081,28 days,3,1,1,1,1,1,1,1,1,1,1,1,1
170.089,46 days,1,1,1,1,1,1,1,1,1,1,1,1,1
170.163,770 days,0,1,1,1,1,1,1,1,1,1,1,1,1
170.527,2860 days,1,1,1,1,1,1,1,1,1,1,1,1,1
170.691,7 days,1,1,1,1,1,1,1,1,1,1,1,1,1
170.718,7 days,2,1,1,1,1,1,1,1,1,1,1,1,1
170.903,7 days,0,1,1,1,1,1,1,1,1,1,1,1,1
171.005,91 days,1,1,1,1,1,1,1,1,1,1,1,1,1
171.044,7 days,1,1,1,1,1,1,1,1,1,1,1,1,1
171.319,7 days,1,1,1,1,1,1,1,1,1,1,1,1,1
171.374,5183 days,0,1,1,1,1,1,1,1,1,1,1,1,1
171.649,7 days,1,1,1,1,1,1,1,1,1,1,1,1,1
171.918,7 days,1,1,1,1,1,1,1,1,1,1,1,1,1
171.943,28 days,3,1,1,1,1,1,1,1,1,1,1,1,1
171.943,49 days,3,1,1,1,1,1,1,1,1,1,1,1,1
171.959,106 days,2,1,1,1,1,1,1,1,1,1,1,1,1
171.965,78 days,2,1,1,1,1,1,1,1,1,1,1,1,1
171.966,84 days,3,1,1,1,1,1,1,1,1,1,1,1,1
171.977,63 days,3,1,1,1,1,1,1,1,1,1,1,1,1
171.983,7 days,2,1,1,1,1,1,1,1,1,1,1,1,1
172.024,113 days,2,1,1,1,1,1,1,1,1,1,1,1,1
172.031,15 days,3,1,1,1,1,1,1,1,1,1,1,1,1
172.08,7 days,2,1,1,1,1,1,1,1,1,1,1,1,1
172.277,500 days,1,1,1,1,1,1,1,1,1,1,1,1,1
172.929,14 days,0,1,1,1,1,1,1,1,1,1,1,1,1
172.995,7 days,0,1,1,1,1,1,1,1,1,1,1,1,1
173.372,7613 days,1,1,1,1,1,1,1,1,1,1,1,1,1
173.456,7 days,2,1,1,1,1,1,1,1,1,1,1,1,1
173.905,77 days,2,1,1,1,1,1,1,1,1,1,1,1,1
173.961,8 days,2,1,1,1,1,1,1,1,1,1,1,1,1
173.966,7 days,1,1,1,1,1,1,1,1,1,1,1,1,1
173.986,14 days,3,1,1,1,1,1,1,1,1,1,1,1,1
173.997,42 days,3,1,1,1,1,1,1,1,1,1,1,1,1
174.013,98 days,2,1,1,1,1,1,1,1,1,1,1,1,1
174.019,7 days,2,1,1,1,1,1,1,1,1,1,1,1,1
174.021,21 days,3,1,1,1,1,1,1,1,1,1,1,1,1
174.065,7 days,0,1,1,1,1,1,1,1,1,1,1,1,1
174.088,7 days,0,1,1,1,1,1,1,1,1,1,1,1,1
174.101,106 days,2,1,1,1,1,1,1,1,1,1,1,1,1
174.146,7 days,0,1,1,1,1,1,1,1,1,1,1,1,1
174.323,9420 days,1,1,1,1,1,1,1,1,1,1,1,1,1
174.323,9546 days,1,1,1,1,1,1,1,1,1,1,1,1,1
174.609,23126 days,3,1,1,1,1,1,1,1,1,1,1,1,1
174.795,7 days,2,1,1,1,1,1,1,1,1,1,1,1,1
175.396,20 days,0,1,1,1,1,1,1,1,1,1,1,1,1
175.826,14 days,3,1,1,1,1,1,1,1,1,1,1,1,1
175.929,7 days,1,1,1,1,1,1,1,1,1,1,1,1,1
175.937,36 days,2,1,1,1,1,1,1,1,1,1,1,1,1
175.946,7 days,0,1,1,1,1,1,1,1,1,1,1,1,1
175.946,106 days,2,1,1,1,1,1,1,1,1,1,1,1,1
175.984,7 days,2,1,1,1,1,1,1,1,1,1,1,1,1
175.987,7 days,0,1,1,1,1,1,1,1,1,1,1,1,1
175.988,161 days,3,1,1,1,1,1,1,1,1,1,1,1,1
175.992,8 days,1,1,1,1,1,1,1,1,1,1,1,1,1
175.994,14 days,2,1,1,1,1,1,1,1,1,1,1,1,1
175.996,29 days,1,1,1,1,1,1,1,1,1,1,1,1,1
176.007,105 days,3,1,1,1,1,1,1,1,1,1,1,1,1
176.027,126 days,2,1,1,1,1,1,1,1,1,1,1,1,1
176.037,7 days,2,1,1,1,1,1,1,1,1,1,1,1,1
176.073,28 days,2,1,1,1,1,1,1,1,1,1,1,1,1
176.075,84 days,2,1,1,1,1,1,1,1,1,1,1,1,1
176.089,189 days,1,1,1,1,1,1,1,1,1,1,1,1,1
176.169,217 days,0,1,1,1,1,1,1,1,1,1,1,1,1
177.951,7 days,2,1,1,1,1,1,1,1,1,1,1,1,1
177.998,22 days,2,1,1,1,1,1,1,1,1,1,1,1,1
178.032,29 days,3,1,1,1,1,1,1,1,1,1,1,1,1
178.032,91 days,1,1,1,1,1,1,1,1,1,1,1,1,1
178.043,7 days,1,1,1,1,1,1,1,1,1,1,1,1,1
178.043,7 days,2,1,1,1,1,1,1,1,1,1,1,1,1
178.462,7 days,1,1,1,1,1,1,1,1,1,1,1,1,1
178.765,7 days,2,1,1,1,1,1,1,1,1,1,1,1,1
178.818,44 days,3,1,1,1,1,1,1,1,1,1,1,1,1
178.83,7 days,0,1,1,1,1,1,1,1,1,1,1,1,1
179.626,76 days,1,1,1,1,1,1,1,1,1,1,1,1,1
179.788,5 days,2,1,1,1,1,1,1,1,1,1,1,1,1
179.798,63 days,1,1,1,1,1,1,1,1,1,1,1,1,1
179.87,13 days,3,1,1,1,1,1,1,1,1,1,1,1,1
179.879,14 days,1,1,1,1,1,1,1,1,1,1,1,1,1
179.951,21 days,1,1,1,1,1,1,1,1,1,1,1,1,1
179.967,56 days,3,1,1,1,1,1,1,1,1,1,1,1,1
179.974,126 days,0,1,1,1,1,1,1,1,1,1,1,1,1
179.984,8 days,2,1,1,1,1,1,1,1,1,1,1,1,1
179.984,55 days,2,1,1,1,1,1,1,1,1,1,1,1,1
179.997,342 days,2,1,1,1,1,1,1,1,1,1,1,1,1
180.003,44 days,3,1,1,1,1,1,1,1,1,1,1,1,1
180.006,7 days,1,1,1,1,1,1,1,1,1,1,1,1,1
180.007,9 days,0,1,1,1,1,1,1,1,1,1,1,1,1
180.013,7 days,3,1,1,1,1,1,1,1,1,1,1,1,1
180.051,98 days,1,1,1,1,1,1,1,1,1,1,1,1,1
180.074,35 days,3,1,1,1,1,1,1,1,1,1,1,1,1
180.104,42 days,1,1,1,1,1,1,1,1,1,1,1,1,1
180.917,7 days,0,1,1,1,1,1,1,1,1,1,1,1,1
181.857,98 days,1,1,1,1,1,1,1,1,1,1,1,1,1
181.942,1 days,1,1,1,1,1,1,1,1,1,1,1,1,1
182.003,7 days,1,1,1,1,1,1,1,1,1,1,1,1,1
182.162,168 days,2,1,1,1,1,1,1,1,1,1,1,1,1
183.016,7 days,0,1,1,1,1,1,1,1,1,1,1,1,1
183.059,7 days,2,1,1,1,1,1,1,1,1,1,1,1,1
183.18,9855 days,1,1,1,1,1,1,1,1,1,1,1,1,1
183.586,7 days,1,1,1,1,1,1,1,1,1,1,1,1,1
183.933,105 days,2,1,1,1,1,1,1,1,1,1,1,1,1
184.021,7 days,2,1,1,1,1,1,1,1,1,1,1,1,1
184.339,14 days,3,1,1,1,1,1,1,1,1,1,1,1,1
185.044,308 days,2,1,1,1,1,1,1,1,1,1,1,1,1
185.262,7 days,1,1,1,1,1,1,1,1,1,1,1,1,1
186.003,1540 days,1,1,1,1,1,1,1,1,1,1,1,1,1
187.81,7 days,2,1,1,1,1,1,1,1,1,1,1,1,1
187.815,7 days,2,1,1,1,1,1,1,1,1,1,1,1,1
188.09,30 days,3,1,1,1,1,1,1,1,1,1,1,1,1
188.7,7 days,1,1,1,1,1,1,1,1,1,1,1,1,1
190.054,7 days,1,1,1,1,1,1,1,1,1,1,1,1,1
190.064,7 days,1,1,1,1,1,1,1,1,1,1,1,1,1
191.9,2223 days,2,1,1,1,1,1,1,1,1,1,1,1,1
191.911,7 days,1,1,1,1,1,1,1,1,1,1,1,1,1
192.091,162 days,1,1,1,1,1,1,1,1,1,1,1,1,1
194.034,49 days,2,1,1,1,1,1,1,1,1,1,1,1,1
196.0,7 days,1,1,1,1,1,1,1,1,1,1,1,1,1
199.846,8 days,2,1,1,1,1,1,1,1,1,1,1,1,1
201.025,56 days,1,1,1,1,1,1,1,1,1,1,1,1,1
201.629,20851 days,3,1,1,1,1,1,1,1,1,1,1,1,1
202.899,10623 days,3,1,1,1,1,1,1,1,1,1,1,1,1
203.903,140 days,2,1,1,1,1,1,1,1,1,1,1,1,1
205.272,51 days,1,1,1,1,1,1,1,1,1,1,1,1,1
